Incident ID,Reporter,Date of Occurance,Responsible Dirctorate,Region,District,Chiefdom,Community/Town/Village,Latitude,Longitude,Type of Incident,Cause of Incident,Dwelling Houses, Facility,School,Health Facility,Community Facility,Religious Center,Number of Facility,Shops/Business Center,Business Owners,Number of Households,Population Size,Response Status,Type of Response,Partners Intervention,Collaboration,Collaborating Partners,Date of Response,Male,Female,Boys,Girls,Persons with disability,Pregnant,Lactating Mothers,Death Cases,Injured cases,School Going Boys,School Going Girls
201111FRWU001,Volunteer,11/11/2020,R & R,Western Area,Western Urban,N/A,Susan's Bay,8.432676,-13.276372,Fire,Electrical Malfunction,22,None,0,0,0,0,0,0,0,138,358,Yes,"Food,Non-Food Items & Shelter Kits",No,Government only,Government Only,11/09/2020,140,98,67,53,3,8,10,0,4,65,49
201111WSKA001,DSCOORD,11/11/2020,R & R,East,Kailahun,Mandu,Taway,8.2789,-10.573,Windstorm,Wind,44,1 Church,0,0,0,1,1,0,0,143,244,Yes,"Food,Non-Food Items & Shelter Kits",No,Government only,Government Only,23/12/2020,81,78,44,41,0,4,2,0,0,43,21
201121FRMO002,DSCOORD,21/11/2020,R & R,South,Moyamba,Kori,Njala Mokonde,8.03704,-12.09562,Fire,Unknown,0,Dometary,1,0,0,0,1,0,0,88,88,yes,"Food,Non-Food Items & Shelter Kits",No,Government only,Government Only,19/05/2021,40,48,0,0,0,0,0,0,0,0,0
201121FRPL003,DSCOORD,21/11/2020,R & R,North West,Port Loko,Maforki,Port Loko Town/Bai bureh street,8.675273,-12.938353,Fire,Electrical Malfunction,16,None,0,0,0,0,0,16,16,16,16,yes,Cash Transfer,No,Government only,Government Only,20/05/2021,9,7,0,0,0,0,0,0,0,0,0
210130FRWU001,Volunteer,30/01/2021,R & R,Western Area,Western Urban,N/A,"Sulpit, Malama Thomas Street",8.432676,-13.276372,Fire,Electrical Malfunction,12,None,0,0,0,0,0,0,0,60,222,Yes,"Food,Non-Food Items & Shelter Kits",No,Government only,Government Only,16/03/2021,69,83,32,38,4,5,1,0,11,31,29
210615HSWU001,Open Source,15/06/2021,R & R,Western Area,Western Urban,N/A,Tengbeh Town River Side,8.432676,-13.276372,Windstorm,Support,0,None,0,0,0,0,0,0,0,100,100,Yes,Food & Non-Food Items,No,Government only,Government Only,17/11/2021,0,100,0,0,0,0,0,0,0,0,0
210130FRWU002,Volunteer,30/01/2021,R & R,Western Area,Western Urban,N/A,George Brook Road,8.432676,-13.276372,Fire,Electrical Malfunction,3,None,0,0,0,0,0,0,0,13,58,Yes,"Food,Non-Food Items & Shelter Kits",No,Government only,Government Only,16/03/2021,18,13,11,16,0,0,0,1,1,10,12
210209FRWU003,Open Source,09/02/2021,R & R,Western Area,Western Urban,N/A,Portee Wharf,8.432676,-13.276372,Fire,Unknown,13,None,0,0,0,0,0,0,0,35,153,Yes,"Food,Non-Food Items & Shelter Kits",No,Government only,Government Only,18/03/2021,51,32,25,45,0,7,8,0,3,25,11
210212FRWU004,Open Source,12/02/2021,R & R,Western Area,Western Urban,N/A,Shell Kissy,8.432676,-13.276372,Fire,Unknown,3,None,0,0,0,0,0,0,0,18,89,Yes,"Food,Non-Food Items & Shelter Kits",No,Government only,Government Only,18/03/2021,25,29,20,15,1,1,5,0,0,19,19
210215FRKM005,DSCOORD,15/02/2021,R & R,North West,Kambia,Samu,Yealiboya Isand,9.1024943,-12.8979529,Fire,Unattended Fire,60,None,0,0,0,0,0,0,0,81,533,yes,"Food,Non-Food Items & Shelter Kits",No,Government only,Government Only,22/04/2021,165,124,130,114,1,8,22,0,0,122,82
210215FRMO006,DSCOORD,15/02/2021,R & R,South,Moyamba,Ribie,Motorbong Village,8.03704,-12.09562,Fire,Unattended Fire,8,None,0,0,0,0,0,0,0,11,56,Yes,"Food,Non-Food Items & Shelter Kits",No,Government only,Government Only,20/05/2021,15,13,13,15,0,4,1,0,0,12,14
210215WSKE001,DSCOORD,15/02/2021,R & R,East,Kenema,Dama ,Konia Dama,7.863851,-11.183396,Windstorm,Wind,30,None,0,0,0,0,0,0,0,64,257,Yes,"Food,Non-Food Items & Shelter Kits",No,Government only,Government Only,21/05/2021,63,70,59,65,6,9,2,0,0,57,39
210222FRWU007,Open Source,22/02/2021,R & R,Western Area,Western Urban,N/A,Mount Auroel,8.432676,-13.276372,Fire,Electrical Malfunction,7,None,0,0,0,0,0,0,0,46,214,Yes,"Food,Non-Food Items & Shelter Kits",No,Government only,Government Only,10/05/2021,61,48,49,56,3,3,4,0,8,44,32
210224FRPL008,DSCOORD,24/02/2021,R & R,North West,Port Loko,Kaffu bullom,Rotifunk Market,8.675273,-12.938353,Fire,Electrical Malfunction,9,None,0,0,0,0,0,9,17,17,132,Yes,Cash Transfer,No,Government only,Government Only,02/10/2021,29,52,22,29,0,3,2,0,12,19,8
210305FRWU009,Open Source,05/03/2021,R & R,Western Area,Western Urban,N/A,Belgium,8.432676,-13.276372,Fire,Unknown,19,None,0,0,0,0,0,19,88,91,190,Yes,Cash Transfer,No,Government only,Government Only,27/08/2021,124,41,15,10,0,0,1,0,0,12,3
210313FRWU010,Open Source,13/03/2021,R & R,Western Area,Western Urban,N/A,Binkolo Kissy Dock Yard,8.432676,-13.276372,Fire,Unknown,1,None,0,0,0,0,0,0,0,12,44,yes,"Food,Non-Food Items & Shelter Kits",No,Government only,Government Only,24/06/2021,13,10,9,12,0,2,4,0,11,7,1
210319FRWU011,Open Source,19/03/2021,R & R,Western Area,Western Urban,N/A,Leicester Road,8.432676,-13.276372,Fire,Electrical Malfunction,5,None,0,0,0,0,0,0,0,32,106,Yes,"Food,Non-Food Items & Shelter Kits",No,Government only,Government Only,23/06/2021,29,31,22,24,0,2,1,0,12,18,4
210319FRTK0012,DSCOORD,19/03/2021,R & R,North,Tonkolili,Kholifa Mabang Chiefdom,Patifu Village,8.717867,-11.951925,Fire,Unattended Fire,15,None,0,0,0,0,0,0,0,15,108,Yes,"Food,Non-Food Items & Shelter Kits",No,Government only,Government Only,15/10/2021,29,32,20,27,1,5,3,0,2,18,6
210324FRWU013,Volunteer,24/03/2021,R & R,Western Area,Western Urban,N/A,Susan's Bay,8.432676,-13.276372,Fire,Unknown,254,None,0,0,0,0,0,0,0,1597,7093,Yes,"Food,Non-Food Items & Shelter Kits",Yes,Government & Partners,"SLRCS,WFP,UNICEF,UNDP,Save the children,CARTIAS,GOAL,CONCERNS,VOS,Social Work SL, JAM,World Vision,Africell,Chinese Embassy, ",29/03/2021,2455,2847,843,948,149,95,402,0,254,354,455
210324FRWU014,Open Source,24/03/2021,R & R,Western Area,Western Urban,N/A,Coker Street,8.432676,-13.276372,Fire,Electrical Malfunction,1,None,0,0,0,0,0,0,0,13,46,Yes,"Food,Non-Food Items & Shelter Kits",No,Government only,Government Only,24/06/2021,16,14,7,9,0,3,1,0,1,5,1
210329FRWU015,Open Source,29/03/2021,R & R,Western Area,Western Urban,N/A,Kissy Macauley,8.432676,-13.276372,Fire,Electrical Malfunction,3,None,0,0,0,0,0,0,0,23,75,Yes,"Food,Non-Food Items & Shelter Kits",No,Government only,Government Only,24/06/2021,21,18,15,21,0,4,1,0,0,15,0
210406FRWU016,Open Source,06/04/2021,R & R,Western Area,Western Urban,N/A,Kingtom Police Barracks,8.432676,-13.276372,Fire,Electrical Malfunction,2,None,0,0,0,0,0,0,0,13,71,yes,"Food,Non-Food Items & Shelter Kits",No,Government only,Government Only,23/06/2021,27,30,5,9,0,1,2,0,0,5,1
210411WSTK002,DSCOORD,11/04/2021,R & R,North,Tonkolili,Malal Mara,Rochen Town,8.717867,-11.951925,Windstorm,Heavy Wind,25,"Hospital Quarter,School,Mosque",1,1,0,1,3,0,0,46,134,Yes,"Food,Non-Food Items & Shelter Kits",No,Government only,Government Only,10/08/2021,45,39,22,28,2,3,2,0,0,18,5
210427WSKE003,DSCOORD,27/04/2021,R & R,East,Kenema,Lower Bambara,Kovaabu,7.863851,-11.183396,Windstorm,Wind,8,None,0,0,0,0,0,0,0,15,82,yes,"Food,Non-Food Items & Shelter Kits",No,Government only,Government Only,07/11/2021,26,24,21,11,0,2,0,0,0,20,0
210427WSKE004,DSCOORD,27/04/2021,R & R,East,Kenema,Lower Bambara,Kpetema,7.863851,-11.183396,Windstorm,Wind,4,None,0,0,0,0,0,0,0,9,40,yes,"Food,Non-Food Items & Shelter Kits",No,Government only,Government Only,07/12/2021,9,13,8,10,0,0,2,0,0,8,0
210428WSWR005,Open Source,28/04/2021,R & R,Western Area,Western rural,N/A,Regent,8.47616,-13.25223,Windstorm,Wind,0,Regent Rural community School,1,0,0,0,1,0,0,0,230,Yes, Shelter Kits Only,No,Government only,Government Only,23/06/2021,6,0,139,91,0,0,0,0,0,139,85
210501WSFA006,DSCOORD,01/05/2021,R & R,North,Falaba,Dembelia Musia,Dogoloya Town ,9.855216,-11.322184,Windstorm,Wind,19,None,0,0,0,0,0,0,0,19,135,yes,"Food,Non-Food Items & Shelter Kits",No,Government only,Government Only,30/06/2021,39,36,29,31,0,1,0,0,0,25,6
210502WSFA007,DSCOORD,02/05/2021,R & R,North,Falaba,Dembelia Musia,Musaia Town,9.855216,-11.322184,Windstorm,Wind,3,None,0,0,0,0,0,0,0,5,32,yes,"Food,Non-Food Items & Shelter Kits",No,Government only,Government Only,29/06/2021,12,8,7,5,0,0,0,0,0,6,0
210508WSFA008,DSCOORD,08/05/2021,R & R,North,Falaba,Sulima,Koindukura Town,9.855216,-11.322184,Windstorm,Wind,20,"1 School,1 Community center",1,0,1,0,2,0,0,38,287,yes,"Food,Non-Food Items & Shelter Kits",No,Government only,Government Only,29/06/2021,98,87,54,48,0,1,0,0,0,49,10
210508WSFA009,DSCOORD,08/05/2021,R & R,North,Falaba,Sulima,Gberia Fatumbu,9.855216,-11.322184,Windstorm,Wind,21,2 Schools,2,0,0,0,2,0,0,36,210,yes,"Food,Non-Food Items & Shelter Kits",No,Government only,Government Only,01/07/2021,58,60,47,45,0,16,7,0,0,44,13
210512WSKE010,DSCOORD,12/05/2021,R & R,East,Kenema,Dama ,Leleima,7.863851,-11.183396,Windstorm,Wind,6,1 Health center,0,1,0,0,1,0,0,15,62,yes,"Food,Non-Food Items & Shelter Kits",No,Government only,Government Only,14/07/2021,19,17,12,14,0,5,2,0,0,10,5
210512WSKE011,DSCOORD,12/05/2021,R & R,East,Kenema,Dama ,Giema,7.863851,-11.183396,Windstorm,Wind,12,None,0,0,0,0,0,0,0,30,157,yes,"Food,Non-Food Items & Shelter Kits",No,Government only,Government Only,14/06/2021,53,44,29,31,0,0,4,0,0,25,8
210516WSKE012,DSCOORD,16/05/2021,R & R,East,Kenema,Kandu Leppiam,Bundorbu,7.863851,-11.183396,Windstorm,Wind,8,None,0,0,0,0,0,0,0,15,89,yes,"Food,Non-Food Items & Shelter Kits",No,Government only,Government Only,14/07/2021,25,23,19,22,0,3,4,0,0,17,11
210516WSKE013,DSCOORD,16/05/2021,R & R,East,Kenema,Kandu Leppiam,Gangama,7.863851,-11.183396,Windstorm,Wind,5,1 School,1,0,0,0,1,0,0,15,86,yes,"Food,Non-Food Items & Shelter Kits",No,Government only,Government Only,14/07/2021,28,19,21,18,2,5,2,0,0,20,5
210517WSFA014,DSCOORD,17/05/2021,R & R,North,Falaba,Mongo,Mongo Bendugu,9.855216,-11.322184,Windstorm,Wind,7,3 Schools,3,0,0,0,3,0,0,7,64,yes,"Food,Non-Food Items & Shelter Kits",No,Government only,Government Only,03/07/2021,15,18,17,14,3,0,4,0,0,14,6
210518WSKN015,DSCOORD,18/05/2021,R & R,East,Kono,Kangama Kono,Kangama/Gorama,8.43565,-10.86604,Windstorm,Wind,40,2 Schoosl 2 churches,2,0,0,2,4,0,0,100,533,yes,"Food,Non-Food Items & Shelter Kits",No,Government only,Government Only,28/06/2021,155,160,102,116,3,1,1,0,0,95,23
210519FRWU017,Open Source,19/05/2021,R & R,Western Area,Western Urban,N/A,Tengbeh Town,8.432676,-13.276372,Fire,Electrical Malfunction,2,None,0,0,0,0,0,0,0,13,45,yes,"Food,Non-Food Items & Shelter Kits",No,Government only,Government Only,23/06/2021,10,8,12,15,1,0,0,0,0,10,5
210521WSKA016,DSCOORD,21/05/2021,R & R,East,Kailahun,Jawei,Nyaama Town,8.2789,-10.573,Windstorm,Wind,16,None,0,0,0,0,0,0,0,25,123,yes,"Food,Non-Food Items & Shelter Kits",No,Government only,Government Only,12/07/2021,22,34,28,39,3,4,3,0,0,25,9
210522WSKA017,DSCOORD,22/05/2021,R & R,East,Kailahun,Penguia,Sengema Village,8.2789,-10.573,Windstorm,Wind,20,None,0,0,0,0,0,0,0,35,165,yes,"Food,Non-Food Items & Shelter Kits",No,Government only,Government Only,16/07/2021,48,47,34,36,0,5,4,0,0,31,11
210522WSKA018,DSCOORD,22/05/2021,R & R,East,Kailahun,Penguia,Woroma Village,8.2789,-10.573,Windstorm,Wind,15,1 school,1,0,0,0,1,0,0,28,123,yes,"Food,Non-Food Items & Shelter Kits",No,Government only,Government Only,16/07/2021,19,24,37,43,2,2,3,0,0,36,6
210522WSKA019,DSCOORD,22/05/2021,R & R,South,Pujehun,Sorogbeima,Soluma massaquoi II,7.272644,-11.228923,Windstorm,Wind,37,None,0,0,0,0,0,0,0,99,218,yes,"Food,Non-Food Items & Shelter Kits",No,Government only,Government Only,17/07/2021,79,65,36,38,2,1,3,0,12,33,10
210524WSKA020,DSCOORD,24/05/2021,R & R,East,Kailahun,Jawei,Soniyeama II,8.2789,-10.573,Windstorm,Wind,35,Community school,1,0,0,0,1,0,0,35,153,yes,"Food,Non-Food Items & Shelter Kits",No,Government only,Government Only,12/07/2021,33,43,38,39,3,7,10,0,0,37,12
210606WSKA021,DSCOORD,06/06/2021,R & R,East,Kailahun,Jawei,Soniyeama I ,8.2789,-10.573,Windstorm,Wind,7,None,0,0,0,0,0,0,0,12,126,Yes,"Food,Non-Food Items & Shelter Kits",No,Government only,Government Only,23/10/2021,38,41,22,25,0,2,2,0,0,22,9
210606WSKM022,DSCOORD,06/06/2021,R & R,North West,Kambia,Samu,"Kamem village,Kasirie Section",9.1024943,-12.8979529,Windstorm,Wind,0,KDC Primary School,1,0,0,0,1,0,0,0,210,Yes, Shelter Kits Only,No,Government only,Government Only,08/10/2021,7,3,126,126,0,0,0,0,4,77,95
210609WSKA023,DSCOORD,09/06/2021,R & R,East,Kailahun,Kissi Teng,Bayama,8.2789,-10.573,Windstorm,Wind,6,None,0,0,0,0,0,0,0,10,77,Yes,"Food,Non-Food Items & Shelter Kits",No,Government only,Government Only,22/10/2021,23,29,12,13,1,4,3,0,0,11,5
210609WSKA024,DSCOORD,09/06/2021,R & R,East,Kailahun, Luawa ,Sandeyallu,8.2789,-10.573,Windstorm,Wind,13,None ,0,0,0,0,0,0,0,17,293,Yes,"Food,Non-Food Items & Shelter Kits",No,Government only,Government Only,22/10/2021,87,81,64,61,0,12,8,0,0,60,23
210609WSKA025,DSCOORD,09/06/2021,R & R,East,Kailahun,Pejeh West,Bunumbu,8.2789,-10.573,Windstorm,Wind,6,None,0,0,0,0,0,0,0,14,180,Yes,"Food,Non-Food Items & Shelter Kits",No,Government only,Government Only,23/10/2021,43,49,42,46,0,3,0,0,0,40,19
210609WSKA026,Open Source,09/06/2021,R & R,East,Kailahun,Kissi Kama ,Ndobo village,8.2789,-10.573,Windstorm,Wind,4,  Assembly of God Church,0,0,0,1,1,0,0,7,35,Yes,"Food,Non-Food Items & Shelter Kits",No,Government only,Government Only,22/10/2021,6,7,9,13,0,2,2,0,0,9,4
210609WSKA027,Open Source,09/06/2021,R & R,East,Kailahun,Nongowa ,Gbandidulo Village,8.2789,-10.573,Windstorm,Wind,6,KLDEC Primary School,1,0,0,0,1,0,0,6,15,Yes,"Food,Non-Food Items & Shelter Kits",No,Government only,Government Only,22/10/2021,4,6,1,4,0,0,0,0,0,1,0
210609WSKA028,Open Source,09/06/2021,R & R,East,Kailahun,Kissi Teng,Kabbalah,8.2789,-10.573,Windstorm,Wind,1,None,0,0,0,0,0,0,0,1,6,Yes,"Food,Non-Food Items & Shelter Kits",No,Government only,Government Only,22/10/2021,2,2,0,2,0,0,0,0,0,0,0
210609WSKA029,Open Source,09/06/2021,R & R,East,Kailahun,Kissi Teng,Kanga,8.2789,-10.573,Windstorm,Wind,4, SLMB Primary School,1,0,0,0,1,0,0,4,8,Yes,"Food,Non-Food Items & Shelter Kits",No,Government only,Government Only,22/10/2021,1,3,3,1,0,0,0,0,0,3,0
210610WSKA030,DSCOORD,10/06/2021,R & R,East,Kailahun, Luawa ,Kpemalu,8.2789,-10.573,Windstorm,Wind,14,None,0,0,0,0,0,0,0,16,120,Yes,"Food,Non-Food Items & Shelter Kits",No,Government only,Government Only,22/10/2021,38,36,26,20,0,2,4,0,0,26,11
210910WSKA031,DSCOORD,10/06/2021,R & R,East,Kailahun, Luawa ,Kongonanie,8.2789,-10.573,Windstorm,Wind,11,"Community secondary school,Islamic Primary School",2,0,0,0,2,0,0,11,118,yes,"Food,Non-Food Items & Shelter Kits",No,Government only,Government Only,22/10/2021,45,34,18,21,1,0,4,0,0,16,6
210610WSKA032,DSCOORD,10/06/2021,R & R,East,Kailahun, Luawa ,Kissy Town,8.2789,-10.573,Windstorm,Wind,5,SLMB Primary School,1,0,0,0,1,0,0,6,53,yes,"Food,Non-Food Items & Shelter Kits",No,Government only,Government Only,23/10/2021,17,14,12,10,0,0,3,0,0,10,2
210610WSKA033,DSCOORD,10/06/2021,R & R,East,Kailahun, Luawa ,Kambama,8.2789,-10.573,Windstorm,Wind,6,None,0,0,0,0,0,0,0,8,46,yes,"Food,Non-Food Items & Shelter Kits",No,Government only,Government Only,23/10/2021,11,17,8,10,0,1,1,0,0,8,2
210610WSKA034,DSCOORD,10/06/2021,R & R,East,Kailahun, Luawa ,Magorma,8.2789,-10.573,Windstorm,Wind,2,None,0,0,0,0,0,0,0,4,15,yes,"Food,Non-Food Items & Shelter Kits",No,Government only,Government Only,23/10/2021,5,4,1,5,0,0,0,0,0,1,1
210610WSKA035,DSCOORD,10/06/2021,R & R,East,Kailahun, Luawa ,New London,8.2789,-10.573,Windstorm,Wind,6,None,0,0,0,0,0,0,0,8,75,yes,"Food,Non-Food Items & Shelter Kits",No,Government only,Government Only,23/10/2021,22,21,18,14,1,0,3,0,0,18,3
210610WSKA036,DSCOORD,10/06/2021,R & R,East,Kailahun, Luawa ,Foyah,8.2789,-10.573,Windstorm,Wind,4,None,0,0,0,0,0,0,0,4,11,yes,"Food,Non-Food Items & Shelter Kits",No,Government only,Government Only,23/10/2021,2,4,3,2,0,0,0,0,0,3,2
210610WSKA037,DSCOORD,10/06/2021,R & R,East,Kailahun, Luawa ,Kissy Kenema,8.2789,-10.573,Windstorm,Wind,2,Methodist Primary School,1,0,0,0,1,0,0,6,35,yes,"Food,Non-Food Items & Shelter Kits",No,Government only,Government Only,23/10/2021,9,11,7,8,0,1,1,0,0,7,5
210610WSKA038,DSCOORD,10/06/2021,R & R,East,Kailahun, Luawa ,Massanta,8.2789,-10.573,Windstorm,Wind,25,Community Pre School,1,0,0,0,1,0,0,34,378,yes,"Food,Non-Food Items & Shelter Kits",No,Government only,Government Only,23/10/2021,110,97,89,82,0,10,15,0,0,87,34
210610WSKA039,DSCOORD,10/06/2021,R & R,East,Kailahun, Luawa ,Tokpombu,8.2789,-10.573,Windstorm,Wind,1,None,0,0,0,0,0,0,0,1,5,yes,"Food,Non-Food Items & Shelter Kits",No,Government only,Government Only,23/10/2021,2,2,1,0,0,0,0,0,0,1,0
210610WSKA040,DSCOORD,10/06/2021,R & R,East,Kailahun,Mandu,Biiama Mandu,8.2789,-10.573,Windstorm,Wind,1,SLMB Primary School,1,0,0,0,1,0,0,1,75,Yes,"Food,Non-Food Items & Shelter Kits",No,Government only,Government Only,21/10/2021,2,3,39,31,0,0,0,0,0,32,16
210615WSPL041,DSCOORD,15/06/2021,R & R,North West,Port Loko,Kamasondo,Madick village,8.675273,-12.938353,Windstorm,Wind,9,1 School,1,0,0,0,1,0,0,20,195,Yes,"Food,Non-Food Items & Shelter Kits",No,Government only,Government Only,21/10/2021,49,63,40,43,1,1,7,0,0,39,21
210615WSPL042,DSCOORD,15/06/2021,R & R,North West,Port Loko,Kamasondo,Yakiba Village,8.675273,-12.938353,Windstorm,Wind,11,None,0,0,0,0,0,0,0,16,228,Yes,"Food,Non-Food Items & Shelter Kits",No,Government only,Government Only,07/10/2021,58,69,44,57,0,5,12,0,4,42,24
210615WSPL043,DSCOORD,15/06/2021,R & R,North West,Port Loko,Maforki,Makoya Village,8.675273,-12.938353,Windstorm,Wind,15,None,0,0,0,0,0,0,0,32,314,Yes,"Food,Non-Food Items & Shelter Kits",No,Government only,Government Only,07/10/2021,83,87,69,75,7,8,14,0,12,67,32
210615WSPL044,DSCOORD,15/06/2021,R & R,North West,Port Loko,Maconteh,Minthor/Makamla,8.675273,-12.938353,Windstorm,Wind,12,2 Schools,2,0,0,0,2,0,0,17,309,Yes,"Food,Non-Food Items & Shelter Kits",No,Government only,Government Only,08/10/2021,81,86,67,75,2,4,15,0,0,65,33
210615FRWU018,Open Source,15/06/2021,R & R,Western Area,Western Urban,N/A,Earl Street,8.432676,-13.276372,Fire,Electrical Malfunction,5,None,0,0,0,0,0,0,0,12,28,Yes,"Food,Non-Food Items & Shelter Kits",No,Government only,Government Only,29/09/2021,9,7,5,7,1,0,0,1,4,5,2
210615WSKE045,DSCOORD,15/06/2021,R & R,East,Kenema,Lower Bambara,Gibina Village,7.863851,-11.183396,Windstorm,Wind,16,None,0,0,0,0,0,0,0,30,166,Yes,"Food,Non-Food Items & Shelter Kits",No,Government only,Government Only,25/10/2021,45,49,34,38,0,6,9,0,0,32,22
210615WSKE046,DSCOORD,15/06/2021,R & R,East,Kenema,Lower Bambara,Kpetema Village,7.863851,-11.183396,Windstorm,Wind,0,Ahmadiya Primary School,1,0,0,0,1,0,0,0,228,Yes, Shelter Kits Only,No,Government only,Government Only,25/10/2021,5,0,143,85,0,0,0,0,0,141,80
210615WSKE047,DSCOORD,15/06/2021,R & R,East,Kenema,Lower Bambara,Kpetema Seppeh Village,7.863851,-11.183396,Windstorm,Wind,8,None,0,0,0,0,0,0,0,19,87,Yes,"Food,Non-Food Items & Shelter Kits",No,Government only,Government Only,25/10/2021,30,25,17,15,1,4,2,0,0,17,3
210615WSKE048,DSCOORD,15/06/2021,R & R,East,Kenema,Lower Bambara,Jonbuhun Village,7.863851,-11.183396,Windstorm,Wind,12,None,0,0,0,0,0,0,0,12,87,Yes,"Food,Non-Food Items & Shelter Kits",No,Government only,Government Only,25/10/2021,26,28,18,15,0,4,2,0,0,17,9
210615WSKE049,DSCOORD,15/06/2021,R & R,East,Kenema,Lower Bambara,Tongo,7.863851,-11.183396,Windstorm,Wind,0,Ansaru Primary School,1,0,0,0,1,0,0,0,200,Yes, Shelter Kits Only,No,Government only,Government Only,25/10/2021,0,0,121,79,0,0,0,0,0,121,79
210615WSKE050,DSCOORD,15/06/2021,R & R,East,Kenema,Kandu Leppiam,Gbado Village,7.863851,-11.183396,Windstorm,Wind,0,Gbado Village Primary School,1,0,0,0,1,0,0,0,210,Yes, Shelter Kits Only,No,Government only,Government Only,24/10/2021,15,3,138,72,0,0,0,0,0,138,54
210615WSKM051,DSCOORD,15/06/2021,R & R,North West,Kambia,Magbema ,Kambia Town,9.1024943,-12.8979529,Windstorm,Wind,0,Montana Secondary School,1,0,0,0,1,0,0,0,250,Yes, Shelter Kits Only,No,Government only,Government Only,08/10/2021,0,0,112,138,0,0,0,0,0,112,138
210627FRWU019,Open Source,27/06/2021,R & R,Western Area,Western Urban,N/A,Momoh Lane/Old Wharf,8.432676,-13.276372,Fire,Unknown,3,None,0,0,0,0,0,0,0,7,41,Yes,"Food,Non-Food Items & Shelter Kits",No,Government only,Government Only,30/09/2021,9,14,8,10,0,1,0,0,2,7,6
210629FRWU020,Open Source,29/06/2021,R & R,Western Area,Western Urban,N/A,"Mountain Cut,Flask Stone Community",8.432676,-13.276372,Fire,Electrical Malfunction,4,None,0,0,0,0,0,0,0,33,110,Yes,"Food,Non-Food Items & Shelter Kits",No,Government only,Government Only,17/11/2021,33,38,16,23,0,1,2,0,10,16,18
210629FRWU021,Open Source,29/06/2021,R & R,Western Area,Western Urban,N/A,Brima lane,8.432676,-13.276372,Fire,Unknown,3,None,0,0,0,0,0,0,0,8,45,Yes,"Food,Non-Food Items & Shelter Kits",No,Government only,Government Only,30/09/2021,23,7,12,3,0,0,0,1,3,12,3
210711FLKE001,DSCOORD,11/07/2021,R & R,East,Kenema,Nongowa ,Lago Village,7.863851,-11.183396,Flooding,Rain,0,None,0,0,0,0,0,0,0,92,260,yes,"Food,Non-Food Items & Shelter Kits",No,Government only,Government Only,30/10/2021,58,69,62,71,0,12,15,0,0,61,54
210712FEKO023,DSCOORD,12/07/2021,R & R,North,Tonkolili,Kalian,Tonkuli,8.717867,-11.951925,Fire,Conflict,9,None,0,0,0,0,0,0,0,41,246,yes,"Food,Non-Food Items & Shelter Kits",No,Government only,Government Only,19/11/2021,69,74,49,54,1,5,6,0,13,49,42
210712FRKO024,DSCOORD,12/07/2021,R & R,North,Tonkolili,Kalian,Roban,8.717867,-11.951925,Fire,Conflict,16,None,0,0,0,0,0,0,0,46,276,yes,"Food,Non-Food Items & Shelter Kits",No,Government only,Government Only,19/11/2021,76,82,53,65,2,6,10,0,14,52,51
210712FLKE002,DSCOORD,12/07/2021,R & R,East,Kenema,Nongowa ,Kenema Town,7.863851,-11.183396,Flooding,Rain,0,"Provicial Islamic Primary School,Methodist Girls Primary School",2,0,0,0,2,0,0,27,161,Yes,"Food,Non-Food Items & Shelter Kits",No,Government only,Government Only,24/10/2021,47,43,39,32,4,3,5,0,0,37,26
210725FRWU025,Open Source,25/07/2021,R & R,Western Area,Western Urban,N/A,Kamayama,8.432676,-13.276372,fire,Electrical Malfunction,2,None,0,0,0,0,0,0,0,3,12,Yes,"Food,Non-Food Items & Shelter Kits",No,Government only,Government Only,29/09/2021,3,5,2,2,0,0,0,0,0,2,2
210727FLBM003,DSCOORD,27/07/2021,R & R,North,Bombali,Biriwa,Kamabai,9.28444,-12.16449,Flooding,Rain,33,None,0,0,0,0,0,0,0,39,184,Yes,"Food,Non-Food Items & Shelter Kits",No,Government only,Government Only,08/10/2021,45,53,42,44,2,10,5,0,0,40,36
210802FRWU026,Open Source,02/08/2021,R & R,Western Area,Western Urban,N/A,Genet Lane Kingtom,8.432676,-13.276372,Fire,Unknown,13,None,0,0,0,0,0,0,0,41,148,Yes,"Food,Non-Food Items & Shelter Kits",No,Government only,Government Only,17/08/2021,27,26,50,45,5,0,0,0,13,47,31
210809FRWU027,Volunteer,09/08/2021,R & R,Western Area,Western Urban,N/A,"Gento Drive,Hill Station",8.432676,-13.276372,Fire,Electrical Malfunction,3,None,0,0,0,0,0,0,0,3,15,Yes,"Food,Non-Food Items & Shelter Kits",No,Government only,Government Only,29/09/2021,3,4,3,5,0,0,0,0,3,3,4
210818FRWU028,Open Source,18/08/2021,R & R,Western Area,Western Urban,N/A,Betham Lane/Mount Aureol,8.432676,-13.276372,Fire,Electrical Malfunction,3,None,0,0,0,0,0,0,0,17,58,Yes,"Food,Non-Food Items & Shelter Kits",No,Government only,Government Only,30/09/2021,19,17,9,13,0,0,0,0,4,9,6
210822WSKR052,DSCOORD,22/08/2021,R & R,North West,Kerene,Tambakha Simibungie ,Samaya Village,8.87853,-12.698441,Windstorm,Wind,10,"School,Mosque,Community Center",1,0,1,1,3,0,0,14,45,Yes,"Food,Non-Food Items & Shelter Kits",No,Government only,Government Only,09/10/2021,8,12,10,15,1,0,0,0,0,8,5
210822COWU001,Open Source,22/08/2021,R & R,Western Area,Western Urban,N/A,Owen Street off Mountain Cut,8.432676,-13.276372,Building Collapse,Rain,2,None,0,0,0,0,0,0,0,2,21,Yes,"Food,Non-Food Items & Shelter Kits",No,Government only,Government Only,29/09/2021,6,8,3,4,0,1,0,0,7,3,4
210822WSKR053,DSCOORD,22/08/2021,R & R,North West,Kerene,Dibia Chiefdom,Makamie Village,8.87853,-12.698441,Windstorm,Wind,2,None,0,0,0,0,0,0,0,6,28,Yes,"Food,Non-Food Items & Shelter Kits",No,Government only,Government Only,07/10/2021,7,6,8,7,1,2,3,0,2,8,6
210825FLPU004,DSCOORD,25/08/2021,R & R,South,Pujehun,Makpele,Gbaa Village,7.272644,-11.228923,Flooding,Rain,0,None,0,0,0,0,0,0,0,29,161,Yes,"Food,Non-Food Items & Shelter Kits",No,Government only,Government Only,26/10/2021,46,51,33,31,4,1,10,0,4,31,21
210827FRWU029,Open Source,27/08/2021,R & R,Western Area,Western Urban,N/A,"Grandcess Street,Kroo Town Road",8.432676,-13.276372,Fire,Unknown,1,None,0,0,0,0,0,0,0,10,45,Yes,Cash Transfer,Yes,Government & Partners,CONCERN,27/10/2021,10,15,9,11,0,0,0,0,3,9,8
210830FRWU030,Volunteer,30/08/2021,R & R,Western Area,Western Urban,N/A,Culvert,8.432676,-13.276372,Fire,Electrical Malfunction,1,None,0,0,0,0,0,0,0,11,53,Yes,"Food,Non-Food Items & Shelter Kits",No,Government & Partners,Government Only,30/09/2021,9,15,12,17,0,0,1,0,4,12,16
210909WSMO054,Open Source,09/09/2021,R & R,South,Moyamba,Ribie,Molamina Village,8.03704,-12.09562,Windstorm,Wind,0,School,1,0,0,0,1,0,0,0,260,Yes,"Food,Non-Food Items & Shelter Kits",No,Government only,Government Only,13/03/2022,0,0,145,115,0,0,0,0,0,145,115
210910FRWU031,Open Source,10/09/2021,R & R,Western Area,Western Urban,N/A,Carlton Carew,8.432676,-13.276372,Fire,Electrical Malfunction,1,None,0,0,0,0,0,0,0,7,34,Yes,Cash Transfer,Yes,Government & Partners,CONCERN,26/10/2021,9,7,7,11,0,0,0,0,0,7,8
210910FFWR001,Volunteer,10/09/2021,R & R,Western Area,Western rural,N/A,"Pogodon,Cuttinbana,Hamilton",8.47616,-13.25223,Flash Flood,Damaged Guma Pipe,2,None,0,0,0,0,0,0,0,5,27,Yes,Cash Transfer,Yes,Government & Partners,CONCERN,26/10/2021,7,8,5,7,0,0,0,0,0,4,3
210910FFWU002,Open Source,10/09/2021,R & R,Western Area,Western Urban,N/A,Congo Bridge community,8.432676,-13.276372,Flash Flood,Rain,3,None,0,0,0,0,0,0,0,4,37,Yes,Cash Transfer,Yes,Government & Partners,CONCERN,26/10/2021,10,6,11,10,0,0,0,0,0,10,8
210919FRWU032,Open Source,19/09/2021,R & R,Western Area,Western Urban,N/A,KrooBay,8.432676,-13.276372,Fire,Electrical Malfunction,33,None,0,0,0,0,0,0,0,137,488,Yes,"Food,Non-Food Items & Shelter Kits",Yes,Government & Partners,"SLRCS,CONCERN,GOALS,CARITAS,Save the Children, ",23/09/2021,129,108,120,131,2,13,23,0,10,116,121
210921FRWU033,Open Source,21/09/2021,R & R,Western Area,Western Urban,N/A,12 Scotland Street Fourah Bay,8.432676,-13.276372,Fire,Electrical Malfunction,1,None,0,0,0,0,0,0,0,9,19,Yes,Cash Transfer,Yes,Government & Partners,CONCERN,27/10/2021,10,4,4,1,0,0,0,0,0,3,0
210924FRWU034,Open Source,24/09/2021,R & R,Western Area,Western Urban,N/A,Campbell Street,8.432676,-13.276372,Fire,Unknown,2,None,0,0,0,0,0,0,0,1,11,Yes,Cash Transfer,Yes,Government & Partners,CONCERN,27/10/2021,3,4,1,3,0,0,0,0,0,1,3
211025COWU002,Volunteer,25/10/2021,R & R,Western Area,Western Urban,N/A,"Lightfoot Boston Street, off waterloo street",8.432676,-13.276372,Building Collapse,Falling Branches,2,None,0,0,0,0,0,0,0,2,12,yes,"Food,Non-Food Items & Shelter Kits",No,Pending,Government Only,11/03/2022,2,3,4,3,0,0,0,1,3,4,2
210322FRWR035,Open Source,22/03/2021,R & R,Western Area,Western Urban,N/A,Femi Turner Godrich,8.432676,-13.276372,Fire,Electrical Malfunction,1,None,0,0,0,0,0,0,0,6,19,yes,"Food,Non-Food Items & Shelter Kits",No,Pending,Government Only,10/03/2022,9,7,1,2,0,0,1,0,1,1,1
210908FRWU036,Open Source,09/08/2021,R & R,Western Area,Western Urban,N/A,"Milton Street,Murray Town ",8.432676,-13.276372,Fire,Electrical Malfunction,1,None,0,0,0,0,0,0,0,17,72,Yes,Cash Transfer,Yes,Government & Partners,CONCERN,26/10/2021,26,18,15,13,2,2,0,0,7,13,10
211001FRWU037,Open Source,10/01/2021,R & R,Western Area,Western Urban,N/A,22 Sir Samuel Lewis Road Aberdeen,8.432676,-13.276372,Fire,Electrical Malfunction,2,None,0,0,0,0,0,0,0,8,17,yes,"Food,Non-Food Items & Shelter Kits",No,Pending,Government Only,11/03/2021,9,5,2,1,0,0,0,1,1,2,0
211019FRMO038,DSCOORD,19/10/2021,R & R,South,Moyamba,Tandale Chiefdom,Gbamina Village,8.03704,-12.09562,Fire,Unknown,20,None,0,0,0,0,0,0,0,24,182,Yes,"Food,Non-Food Items & Shelter Kits",No,Government only,Government Only,13/03/2022,53,47,39,43,6,2,0,0,2,36,19
211029FRWU040,Open Source,29/10/2021,R & R,Western Area,Western Urban,N/A,Bonga Town off Wilkinson Road,8.432676,-13.276372,Fire,Electrical Malfunction,3,None,0,0,0,0,0,0,0,26,121,Yes,"Food,Non-Food Items & Shelter Kits",No,Government only,Government Only,10/03/2022,35,39,26,21,5,3,4,0,3,22,15
211115FRWU043,Open Source,15/11/2021,R & R,Western Area,Western Urban,N/A,Turay Drive Juba Hill Community,8.432676,-13.276372,Fire,Electrical Malfunction,2,None,0,0,0,0,0,0,0,2,15,Yes,"Food,Non-Food Items & Shelter Kits",No,Government only,Government Only,10/03/2022,6,4,2,3,0,0,0,0,0,2,3
211116FRWU044,Open Source,16/11/2021,R & R,Western Area,Western Urban,N/A, Ranger street off Macauley Street Circular Road ,8.432676,-13.276372,Fire,Electrical Malfunction,5,None,0,0,0,0,0,0,0,23,73,Yes,"Food,Non-Food Items & Shelter Kits",No,Government only,Government Only,10/03/2022,25,21,12,15,1,1,0,0,0,11,13
211106WSWU056,Open Source,11/06/2021,R & R,Western Area,Western Urban,N/A,Wilberforce barrack ,8.432676,-13.276372,Windstorm,Wind,0,Services Primary School,5,0,0,0,5,0,0,0,400,Yes, Shelter Kits Only,No,Government only,Government Only,09/03/2022,0,0,233,167,0,0,0,0,0,233,167
211117FRWU045,Open Source,17/11/2021,R & R,Western Area,Western Urban,N/A,Government Wharf,8.432676,-13.276372,Fire,Unknown,20,None,0,0,0,0,0,0,63,50,228,Yes,"Food,Non-Food Items ,Shelter Kits & Cash Transfer",No,Government only,Government Only,12/04/2022,92,78,31,27,4,3,1,1,16,29,22
211117FRWU046,Open Source,17/11/2021,R & R,Western Area,Western Urban,N/A,"Salman Drive, Aberdeen",8.432676,-13.276372,Fire,Electrical Malfunction,5,None,0,0,0,0,0,0,0,30,111,Yes,Food & Non-Food Items,No,Government Only,Government Only,10/03/2022,34,36,21,20,0,2,1,0,4,19,16
211119FRWU047,Volunteer,19/11/2021,R & R,Western Area,Western Urban,N/A,Genet Lane Kingtom,8.432676,-13.276372,Fire,Electrical Malfunction,4,None,0,0,0,0,0,0,0,16,64,Yes,Food & Non-Food Items,No,Government only,Government Only,10/03/2022,28,16,11,9,3,3,0,0,0,10,6
211119FRWU048,Volunteer,19/11/2021,R & R,Western Area,Western Urban,N/A,Culvert off Racecourse Road,8.432676,-13.276372,Fire,Electrical Malfunction,2,None,0,0,0,0,0,0,0,8,30,Yes,Food & Non-Food Items,No,Government only,Government Only,11/03/2022,12,9,6,3,0,1,0,0,0,6,3
211019FRWU049,DSCOORD,19/10/2021,R & R,South,Bonthe,Bum Chiefdom,Gbembu Village,7.52639,-12.505,Flooding,Rain,9,None,0,0,0,0,0,0,0,52,244,Yes,Food & Non-Food Items,No,Government only,Government Only,12/03/2022,72,61,67,44,6,0,3,0,0,63,31
211115WSPL057,DSCOORD,15/11/2021,R & R,North West,Port Loko,Marampa,Lunsar Town,8.675273,-12.938353,Windstorm,Wind,66,"Schools,Community Center,Court Barry",6,0,4,0,10,0,0,226,532,Yes,Food & Non-Food Items,No,Government only,Government Only,29/03/2022,109,153,142,128,22,39,41,0,0,136,56
211029WSKA058,DSCOORD,29/10/2021,R & R,East,Kailahun,Jaluahun ,Segwema Town,8.2789,-10.573,Windstorm,Wind,5,None,0,0,0,0,0,0,0,34,175,Yes,Food & Non-Food Items,No,Government Only,Government Only,25/03/2022,63,45,38,29,0,2,1,0,0,36,21
211117WSKA059,DSCOORD,17/11/2021,R & R,East,Kailahun,Luawa,Boama Section Kailahun Town,8.2789,-10.573,Windstorm,Wind,10,None,0,0,0,0,0,0,0,18,195,Yes,Food & Non-Food Items,No,Government only,Government Only,25/03/2022,73,59,35,28,0,5,6,0,0,33,16
211104WSPL060,Open Source,11/04/2021,R & R,North West,Port Loko,Marampa,Maconteh Village,8.675273,-12.938353,Windstorm,Wind,1,None,0,0,0,0,0,0,0,8,22,Yes,Food & Non-Food Items,No,Government only,Government Only,29/03/2022,6,9,4,3,1,1,2,0,0,2,1
211121WSPU061,DSCOORD,21/11/2021,R & R,South,Pujehun,Sowa ,Upper and Lower Geoma Village,7.272644,-11.228923,Windstorm,Wind,4,Jonathan Child Care Primary School,1,0,0,0,1,0,0,4,35,Yes,"Food,Non-Food Items & Shelter Kits",No,Government only,Government Only,16/03/2022,12,9,8,6,0,0,0,0,0,8,6
211221FRWU051,Open Source,21/12/2021,R & R,Western Area,Western Urban,N/A,"Basketball Court Seven Battalion,Godrich",8.432676,-13.276372,Fire,Electrical Malfunction,1,None,0,0,0,0,0,0,0,1,6,Yes,"Food,Non-Food Items & Shelter Kits",No,Government only,Government Only,10/03/2022,1,2,2,1,0,0,0,2,0,2,1
211223FRWU052,Open Source,23/12/2021,R & R,Western Area,Western Urban,N/A,3 George Brook Dwazack,8.432676,-13.276372,Fire,Electrical Malfunction,1,None,0,0,0,0,0,0,0,4,18,Yes,"Food,Non-Food Items & Shelter Kits",No,Government only,Government Only,11/03/2022,4,4,6,4,0,1,1,0,0,5,3
220101FRWU001,Open Source,01/01/2022,R & R,Western Area,Western Urban,N/A,"National Stadium,Stand 16",8.432676,-13.276372,Fire,Unknown,0,0,0,0,0,0,0,0,12,12,12,Yes,Cash Transfer,No,Government only,Government Only,12/04/2022,2,8,0,2,1,0,1,0,1,0,1
211224FRWU053,DSCOORD,24/12/2021,R & R,South,Bo,Kakua,"Jnaga Street,Kindayama Bo City",7.76889,-12.01287,Fire,Electrical Malfunction,1,None,0,0,0,0,0,0,0,4,15,Yes,Food & Non-Food Items,No,Government only,Government Only,24/03/2022,2,7,2,4,0,0,1,0,0,1,2
220104HSTK001,Open Source,04/01/2022,R & R,North,Tonkolili,Gbonkoleken,Maforabie Town,8.717867,-11.951925,Building Collapse,Support ,0,Court Barrie,0,0,1,0,1,0,0,0,81,Yes, Shelter Kits Only,No,Government only,Government Only,30/03/2022,33,23,15,10,4,0,0,0,0,12,2
220109COWU003,Open Source,09/01/2022,R & R,Western Area,Western Urban,N/A,"Murray Town Military Barracks,Freetown ",8.432676,-13.276372,Building Collapse,Falling Tree,2,None,0,0,0,0,0,0,0,8,39,Yes,"Food,Non-Food Items & Shelter Kits",No,Government only,Government Only,09/03/2022,21,11,4,3,0,0,0,0,3,4,3
220115FRKA005,DSCOORD,15/01/2022,R & R,North,Koinadugu,Wara Wara Yangala,"Cowyard Section, Kabala Town",9.59718,-11.54688,Fire,Electrical Malfunction,0,None,0,0,0,0,0,10,12,0,15,Yes,Cash Transfer,No,Government only,Government Only,30/03/2022,5,9,1,0,0,0,0,0,0,1,0
220112FRPU006,DSCOORD,12/01/2022,R & R,South,Pujehun,Sahn Malen ,Ngandonhun Village,7.272644,-11.228923,Fire,Unknown,1,None,0,0,0,0,0,0,0,1,6,Yes,"Food,Non-Food Items & Shelter Kits",No,Government only,Government Only,16/03/2022,1,1,1,3,0,0,0,0,0,1,0
220118FRWU007,Volunteer,18/01/2022,R & R,Western Area,Western Urban,N/A,"44 Babadorie Hill, Lumley",8.432676,-13.276372,Fire,Electrical Malfunction,1,None,0,0,0,0,0,0,0,6,24,Yes,"Food,Non-Food Items & Shelter Kits",No,Government only,Government Only,10/03/2022,11,8,2,3,0,0,0,0,0,2,0
220123FRWU008,Volunteer,23/01/2022,R & R,Western Area,Western Urban,N/A,Kolleh Town ,8.432676,-13.276372,Fire,Electrical Malfunction,5,None,0,0,0,0,0,0,0,94,368,Yes,"Food,Non-Food Items & Shelter Kits",Yes,Government & Partners,"Goal,Save the Children,Caritas,World Vision",25/01/2022,114,82,104,68,5,8,9,0,8,95,41
220111FRWU011,Open Source,11/01/2022,R & R,Western Area,Western Urban,N/A,3 Cassava Farm Juba,8.432676,-13.276372,Fire,Electrical Malfunction,2,None,0,0,0,0,0,0,0,5,19,Yes,Cash Transfer,Yes,Government & Partners,World Vision,04/02/2022,6,6,2,5,1,0,0,0,0,2,0
220111FRWO014,Open Source,11/01/2022,R & R,Western Area,Western Urban,N/A,"Kissy Dockyard,Polio Compound",8.432676,-13.276372,Fire,Unknown,1,None,0,0,0,0,0,0,0,7,26,Yes,Cash Transfer,Yes,Government & Partners,World Vision,04/02/2022,5,6,10,5,11,0,0,0,0,8,3
220124FRWU015,Volunteer,24/01/2022,R & R,Western Area,Western Urban,N/A,"Kanigo, Amani Bridge",8.432676,-13.276372,Fire,Unknown,1,None,0,0,0,0,0,0,0,3,9,Yes,Cash Transfer,Yes,Government & Partners,World Vision,04/02/2022,3,2,2,2,0,0,0,1,0,2,0
220114FRKE016,Open Source,14/01/2022,R & R,East,Kenema,Nongowa ,"5 Duduwa Street,Kenema",7.863851,-11.183396,Fire,Unknown,1,None,0,0,0,0,0,0,0,6,35,Yes,"Food,Non-Food Items & Shelter Kits",No,Government only,Government Only,24/03/2022,14,9,5,7,0,0,1,0,0,7,4
220130FRMO017,Open Source,30/01/2022,R & R,South,Moyamba,Bumpeh ,Rotifunk Village,8.03704,-12.09562,Fire,Electrical Malfunction,0,Domentary,1,0,0,0,1,0,0,0,250,Yes,"Food,Non-Food Items & Shelter Kits",No,Government only,Government Only,12/03/2022,5,10,0,235,0,0,0,0,0,0,235
220201FRKE018,Open Source,01/02/2022,R & R,East,Kenema,Niawa,Bandawoh Village,7.863851,-11.183396,Fire,Unknown,4,None,0,0,0,0,0,0,0,14,89,Yes,"Food,Non-Food Items & Shelter Kits",No,Government only,Government Only,24/03/2022,34,23,15,17,0,0,0,0,0,15,17
220205FRKE019,Open Source,05/02/2022,R & R,East,Kenema,Guara,Mende Kelema Village,7.863851,-11.183396,Fire,Unknown,1,None,0,0,0,0,0,0,0,7,52,Yes,"Food,Non-Food Items & Shelter Kits",No,Government only,Government Only,26/03/2022,20,16,7,9,0,0,0,0,0,6,5
211117WSKE062,Open Source,17/11/2021,R & R,East,Kenema,Dama ,Kanga Village,7.863851,-11.183396,Windstorm,Wind,7,None,0,0,0,0,0,0,0,14,30,Yes,"Food,Non-Food Items & Shelter Kits",No,Government only,Government Only,24/03/2022,13,8,5,4,0,2,0,0,0,5,4
220211FRFA020,DSCOORD,11/02/2022,R & R,North,Falaba,Sulima,"Affia B'ailahun Village,Fodia Section",9.855216,-11.322184,Fire,Uncontroled Bush Fire,17,None,0,0,0,0,0,0,0,17,50,Yes,"Food,Non-Food Items & Shelter Kits",No,Government only,Government Only,30/03/2022,19,14,10,7,0,2,1,0,0,8,5
220115FRPU023,Open Source,15/01/2022,R & R,South,Pujehun,Kpaka,Korankoh Village,7.272644,-11.228923,Fire,Unknown,2,None,0,0,0,0,0,0,0,2,13,Yes,"Food,Non-Food Items & Shelter Kits",No,Government only,Government Only,15/03/2022,5,3,3,2,0,0,0,0,0,3,1
220220FRWU026,Open Source,20/02/2022,R & R,Western Area,Western Urban,N/A,Wilkinson Road (Blind School),8.432676,-13.276372,Fire,Unknown,1,Female Dormentary,1,0,0,0,1,0,0,2,51,Yes,Food & Non-Food Items,Yes,Government & Partners,"Caritas,World Vision, MBSS,Save The Children",04/03/2022,2,3,24,22,47,0,0,0,6,24,11
220227FRSO028,DSCOORD,27/02/2022,R & R,South,Bonthe,Sogbini ,Baiama VillAage,7.52639,-12.505,Fire,Unknown,7,None,0,0,0,0,0,0,0,13,52,Yes,Food & Non-Food Items,No,Government only,Government Only,22/03/2022,23,11,10,8,2,4,2,0,0,8,3
220228FRSO029,DSCOORD,28/02/2022,R & R,South,Bonthe,Sittia,Njayahun Village,7.52639,-12.505,Fire,Unknown,36,None,0,0,0,0,0,0,0,38,127,Yes,Food & Non-Food Items,No,Government only,Government Only,23/03/2022,58,27,23,19,0,3,4,0,0,22,13
220227FRKO030,DSCOORD,27/02/2022,R & R,North,Koinadugu,0,Kabala Town,9.59718,-11.54688,Fire,Electrical Malfunction,2,None,0,0,0,0,0,16,18,3,74,Yes,Cash Transfer,No,Government only,Government Only,30/03/2022,44,23,8,2,2,0,2,0,0,2,1
201218FRKE004,DSCOORD,18/12/2020,R & R,East,Kenema,Gorama Mende,Tekuyama,7.863851,-11.183396,Fire,Unknown,14,None,0,0,0,0,0,0,0,36,203,Pending,Pending,No,Pending,Pending,31/03/2022,53,65,38,47,1,5,7,0,0,4364,3111
210702FRTK022,DSCOORD,02/07/2021,R & R,North,Tonkolili,Kholifa Rowalla,Ropolon/ Magburaka,8.717867,-11.951925,Fire,Electrical Malfunction,1,None,0,0,0,0,0,0,0,3,10,Pending,Pending,Pending,Pending,Pending,01/04/2022,3,4,2,1,0,0,0,1,0,0,0
210910WSWU055,Volunteer,10/09/2021,R & R,Western Area,Western Urban,N/A,9 Bass Street/Brookfields,8.432676,-13.276372,Windstorm,Wind,0,School ,1,0,0,0,1,0,0,0,70,Pending,Closed,No,Closed,Closed,02/04/2022,0,0,44,26,0,1,0,0,0,44,22
210910COWU002,Volunteer,10/09/2021,R & R,Western Area,Western Urban,N/A,Colleagiate School Road,8.432676,-13.276372,Building Collapse,Falling Branches,1,None,0,0,0,0,0,0,0,0,7,Pending,Closed,No,Closed,Closed,03/04/2022,2,1,1,3,0,0,0,0,0,1,0
210911COWU003,Volunteer,11/09/2021,R & R,Western Area,Western Urban,N/A,Colar Tree Calaba Town,8.432676,-13.276372,Building Collapse,Rain,1,None,0,0,0,0,0,0,0,2,14,Pending,Closed,No,Closed,Closed,04/04/2022,5,3,4,2,0,0,0,0,0,1,2
210915LSWU001,Volunteer,15/09/2021,R & R,Western Area,Western Urban,N/A,George Brook Road,8.432676,-13.276372,Mudslide,Rain,1,None,0,0,0,0,0,0,0,3,15,Pending,Closed,No,Closed,Closed,05/04/2022,3,4,3,5,0,0,0,0,1,1,1
210915FFWU003,Open Source,15/09/2021,R & R,Western Area,Western Urban,N/A,Thomson Bay,8.432676,-13.276372,Flash Flood,Blocked Drinage,0,None,0,0,0,0,0,0,0,0,0,Pending,Closed,No,Closed,Closed,06/04/2022,0,0,0,0,0,0,0,0,0,0,0
210915WU004,Volunteer,15/09/2021,R & R,Western Area,Western Urban,N/A,Pademba Road PWD Junction,8.432676,-13.276372,Flash Flood,Blocked Drinage,0,None,0,0,0,0,0,0,0,0,0,Pending,Closed,No,Closed,Closed,07/04/2022,0,0,0,0,0,0,0,0,0,0,0
211027FRWU039,Volunteer,27/10/2021,R & R,Western Area,Western Urban,N/A,"Ya Alimammy Sesay Street,Rokupa Community",8.432676,-13.276372,Fire,Unknown,2,None,0,0,0,0,0,0,0,6,39,yes,Pending,No,Pending,Pending,08/04/2022,13,10,9,7,0,0,0,0,0,3,2
211031FRWU041,Volunteer,31/10/2021,R & R,Western Area,Western Urban,N/A," 8 Yankanu Street,Rokupa Community",8.432676,-13.276372,Fire,Electrical Malfunction,1,None,0,0,0,0,0,0,0,7,38,yes,Pending,No,Pending,Pending,09/04/2022,13,10,8,7,0,1,3,0,1,5,3
211105FRWU042,Open Source,05/11/2021,R & R,Western Area,Western Urban,N/A,"Bai Bureh Road,PMB Junction Wellington ",8.432676,-13.276372,Fire,Explosion,2,None,0,0,0,0,0,5,5,310,320,Yes,"Food,Non- Food Items & Cash Transfer",Yes,Government & Partners,"SLRCS,CONCERN,GOALS,CARITAS,HI,Concern,MoHS,MoSW,All for One,FCC",02/08/2022,205,69,28,18,0,0,0,219,92,28,8
211117FRWU045,Open Source,17/11/2021,R & R,Western Area,Western Urban,N/A,Government Wharf,8.432676,-13.276372,Fire,Unknown,20,None,0,0,0,0,0,0,0,65,228,Yes,"Food, Non - Food Items & Cash Transfer",No,Government only,Government Only,12/04/2022,92,78,31,27,1,3,1,1,16,22,16
211127FRWUO50,Volunteer,27/11/2021,R & R,Western Area,Western Urban,N/A,"Cline Street, Cline Town",8.432676,-13.276372,Fire,Electrical Malfunction,3,None,0,0,0,0,0,0,0,9,45,yes,Pending,Pending,Pending,Pending,13/04/2022,13,15,8,9,0,2,0,0,3,4,3
211126RAWU001,Open Source,26/11/2021,R & R,Western Area,Western Urban,N/A,"Manboreh Junction,Wellington",8.432676,-13.276372,Road Accident,Mechanical Failure,0,None,0,0,0,0,0,0,0,0,6,Pending,Closed,Closed,Closed,Closed,14/04/2022,3,2,1,0,0,0,0,0,6,0,0
220101FRWU001,Open Source,01/01/2022,R & R,Western Area,Western Urban,N/A,"National Stadium,Stand 16",8.432676,-13.276372,Fire,Unknown,0,None,0,0,0,0,0,0,12,12,12,Yes,Cash Transfer,No,Government only,Government Only,12/04/2022,2,8,0,2,0,1,0,0,0,0,1
220101FRWU002,Open Source,01/01/2022,R & R,Western Area,Western Urban,N/A,"Man of War Bay,Aberdeen",8.432676,-13.276372,Fire,Unknown,1,None,0,0,0,0,0,0,0,2,5,yes,Pending,Pending,Pending,Pending,13/04/2022,3,1,1,0,0,0,0,0,0,0,0
220106FRWU003,Open Source,06/01/2022,R & R,Western Area,Western Urban,N/A,"2 Cole Street Shebro Town, Funkia",8.432676,-13.276372,Fire,Unknown,1,None,0,0,0,0,0,0,0,2,10,yes,Pending,Pending,Pending,Pending,14/04/2022,2,4,3,1,0,1,0,0,0,1,0
220107FRWU004,Open Source,07/01/2022,R & R,Western Area,Western Urban,N/A,Water Lane Mountain Cutt,8.432676,-13.276372,Fire,Electrical Malfunction,1,None,0,0,0,0,0,0,0,1,7,yes,Pending,Pending,Pending,Pending,15/04/2022,2,1,2,2,0,0,0,0,0,2,2
220116FRWU009,Open Source,16/01/2022,R & R,Western Area,Western Urban,N/A,5 Gassama Street Calaba Town,8.432676,-13.276372,Fire,Electrical Malfunction,2,None,0,0,0,0,0,0,0,8,21,yes,Pending,Pending,Pending,Pending,16/04/2022,15,4,2,0,0,0,2,0,0,1,0
220110FRWU010,Open Source,10/01/2022,R & R,Western Area,Western Urban,N/A,88 New Site Old Wharf Wellington,8.432676,-13.276372,Fire,Electrical Malfunction,1,None,0,0,0,0,0,0,0,1,9,Pending,Pending,Pending,Pending,Pending,17/04/2022,4,1,3,1,0,0,0,0,0,1,0
220128FRWO012,Volunteer,28/01/2022,R & R,Western Area,Western Urban,N/A,7 Grass Field Lumley,8.432676,-13.276372,Fire,Unknown,1,None,0,0,0,0,0,0,0,1,3,Pending,Pending,Pending,Pending,Pending,18/04/2022,2,1,0,0,0,0,0,0,0,0,0
220128FRWU013,Open Source,28/01/2022,R & R,Western Area,Western Urban,N/A,Leone oil Esate Apartment 8 Action Aid Drive,8.432676,-13.276372,Fire,Electrical Malfunction,1,None,0,0,0,0,0,0,0,1,4,Pending,Pending,Pending,Pending,Pending,19/04/2022,1,1,1,1,0,0,0,0,0,0,0
220208FRWR021,Open Source,08/02/2022,R & R,Western Area,Western rural,N/A,Mile 13,8.47616,-13.25223,Fire,Unknown,1,none,0,0,0,0,0,0,0,10,17,Pending,Pending,Pending,Pending,Pending,20/04/2022,9,3,2,3,0,0,0,0,0,0,0
220208FRWU022,Open Source,08/02/2022,R & R,Western Area,Western Urban,N/A,"10A Bamby Terrace Mount Aureol,Hill Side By- Pass",8.432676,-13.276372,Fire,Electrical Malfunction,2,none,0,0,0,0,0,0,0,19,56,Pending,Pending,Pending,Pending,Pending,21/04/2022,22,12,12,10,0,2,0,0,0,5,4
220218FRWU024,Volunteer,18/02/2022,R & R,Western Area,Western Urban,N/A,CKG(Crab Town),8.432676,-13.276372,Fire,Electrical Malfunction,6,School,1,0,0,0,1,0,0,15,65,Pending,Pending,Pending,Pending,Pending,22/04/2022,25,15,18,7,0,2,1,0,0,9,7
220219FRWU025,DSCOORD,19/02/2022,R & R,South,Bonthe,Imperi,Rutile,7.52639,-12.505,Fire,Unknown,1,None,0,0,0,0,0,0,0,0,0,Pending,Pending,Pending,Pending,Pending,23/04/2022,0,0,0,0,0,0,0,0,0,0,0
220225FRWU027,DSCOORD,25/02/2022,R & R,Western Area,Western Urban,N/A,New Town/Bonga Town,8.432676,-13.276372,Fire,Electrical Malfunction,19,None,0,0,0,0,0,0,0,19,77,Pending,Pending,Pending,Pending,Pending,24/04/2022,32,24,12,9,0,0,0,0,1,5,7
22/03/07FRBM031,DSCOORD,07/03/2022,R & R,North,Bombali,Sheborah,Worreh Bannah,9.28444,-12.16449,Fire,Unknown,13,None,0,0,0,0,0,0,0,16,97,Yes,Food & Non-Food Items,No,Government only,Government only,25/08/2022,39,34,11,13,0,0,4,0,0,8,5
220428FRWU032,Volunteer,28/04/2022,R & R,Western Area,Western Rural,N/A,"Culvert,Lower Race Course Road",8.47616,-13.25223,Fire,Electrical Malfunction,34,none,0,0,0,0,0,0,0,178,788,Yes,"Food,Non-Food Items ,Shelter Kits & Cash Transfer",Yes,Government & Partners,"Caritas,Save The Children, Goal,World Vission",03/05/2022,188,175,222,190,3,15,23,0,6,154,134
220320FRMO033,DSCOORD,20/03/2022,R & R,South,Moyamba,Kori ,Kortiya-1 Village,8.03704,-12.09562,Fire,Bush Fire,18,None,0,0,0,0,0,0,0,27,121,Yes,Food & Non-Food Items,No,Government only,Government Only,22/08/2022,42,31,21,27,2,3,2,0,0,23,22
220212FRWU034,Volunteer,12/02/2022,R & R,Western Area,Western Urban,N/A,"Kanigo,Juba Hill Road",8.432676,-13.276372,Fire,Electrical Malfunction,1,none,0,0,0,0,0,0,0,8,26,Yes,Food & Non-Food Items,No,Government only,Government Only,09/08/2022,12,8,2,4,0,0,0,0,0,1,2
220414FRWU035,Volunteer,14/04/2022,R & R,Western Area,Western Urban,N/A,"Congo Cross,Water Street",8.432676,-13.276372,Fire,Electrical Malfunction,1,None,0,0,0,0,0,0,0,8,40,Yes,Food & Non-Food Items,No,Government only,Government Only,09/08/2022,18,12,4,6,0,0,0,0,0,3,2
220412FRWU036,Volunteer,12/04/2022,R & R,Western Area,Western Urban,N/A,"Thunder Hill,Kissy Mes Mes ",8.432676,-13.276372,Fire,Electrical Malfunction,2,None,0,0,0,0,0,0,0,7,32,Yes,Food & Non-Food Items,No,Government only,Government Only,09/08/2022,12,8,7,5,0,0,0,0,0,4,3
210421WSPL063,Open Source,21/04/2021,R & R,North West,Port Loko,Koya,Makeni Ferry Via Magbele Bridge,8.675273,-12.938353,Windstorm,Wind,0,School,1,0,0,0,1,0,0,0,340,Yes,Shelter Kits,No,Government only,Government only,25/08/2022,3,1,195,141,0,0,0,0,0,195,145
220507WSKO064,Open Source,07/05/2022,R & R,East,Kono,Gbane,Gandorhun Town,8.43565,-10.86604,Windstorm,Wind,24,"School,Mosque,Community Center",1,0,1,1,3,0,0,42,232,Yes,Food & Non-Food Items,No,Government only,Government Only,27/05/2022,97,75,32,28,0,4,7,0,0,30,21
220315FRMO037,Open Source,15/03/2022,R & R,South,Moyamba,Mano- Dasse,Kpanguma Village,8.03704,-12.09562,fire,Bush Fire,23,School,1,0,0,0,1,0,0,32,111,Yes,Food & Non-Food Items,No,Government only,Government Only,22/08/2022,47,29,18,17,2,5,2,0,1,14,10
220507FRBO038,DSCOORD,07/03/2022,R & R,South,Bo,Bumpeh-Gao,Moyour Village,7.76889,-12.01287,Fire,Unknown,65,Produce Store,0,0,1,0,1,65,0,65,104,Yes,Food & Non-Food Items,No,Government only,Government only,22/08/2022,12,87,2,3,0,0,0,0,0,0,0
220308FRBO039,Open Source,08/03/2022,R & R,South,Bo,Bumpeh-Gao,Massao Village,7.76889,-12.01287,Fire,Unknown,2,none,0,0,0,0,0,0,0,5,22,Yes,Food & Non-Food Items,No,Government only,Government only,22/08/2022,9,7,4,2,0,0,2,0,0,2,1
220204FRBO040,Open Source,04/02/2022,R & R,South,Bo,Baoma,Gerihun Town,7.76889,-12.01287,fire,Bush Fire,1,Store,0,0,1,0,1,0,0,7,43,Yes,Food & Non-Food Items,No,Government only,Government Only,19/08/2022,19,12,5,7,0,0,0,0,0,3,5
211221FRWU029,Open Source,21/12/2021,R & R,Western Area,Western Urban,N/A,"Jalloh Street, Rokupa",8.432676,-13.276372,fire,Electrical Malfunction,1,None,0,0,0,0,0,0,0,3,11,Pending,Pending,Pending,Pending,Pending,20/08/2022,4,5,2,0,3,0,0,0,0,1,0
220304FRWU041,Open Source,04/03/2022,R & R,Western Area,Western Urban,N/A,"Mellon Street,Wellington",8.432676,-13.276372,Fire,Electrical Malfunction,1,none,0,0,0,0,0,0,0,12,54,Pending,Pending,Pending,Pending,Pending,21/08/2022,21,17,9,7,2,0,0,0,4,5,6
220423WSKR65,Open Source,23/04/2022,R & R,North West,Kerene,Libisaygahun,Batkanu Town,8.87853,-12.698441,Windstorm,Wind,18,"Government Quarter,Church,Market Center",0,1,2,2,5,0,0,42,156,Yes,Food & Non-Food Items,No,Government only,Government only,26/08/2022,61,42,29,24,1,3,5,0,0,25,22
220319FRWR042,Open Source,19/03/2022,R & R,Western Area,Western rural,N/A,"64C Off Freetown Road,Godrich",8.47616,-13.25223,Fire,Unknown,3,none,0,0,0,0,0,0,0,16,45,Pending,Pending,Pending,Pending,Pending,27/08/2022,20,11,8,6,0,0,0,3,4,7,6
220316FRPL043,Open Source,16/03/2022,R & R,North West,Port Loko,Makama,Robat Village,8.675273,-12.938353,Fire,Conflict between two villages,9,"Mosque,Telecenter",0,0,1,1,2,1,1,46,240,Yes,Food & Non-Food Items,No,Government only,Government only,25/08/2022,97,68,46,29,0,0,0,0,0,41,22
220417FRWU044,Open Source,17/04/2022,R & R,Western Area,Western Urban,N/A,63 Pademba Road,8.432676,-13.276372,Fire,Electrical Malfunction,1,none,0,0,0,0,0,0,0,5,24,Yes,Food & Non-Food Items,No,Government only,Government Only,09/08/2022,9,6,5,4,0,0,0,0,0,3,3
220417FRWU045,Open Source,17/04/2022,R & R,Western Area,Western Urban,N/A,2 Pyke Street Congo Town,8.432676,-13.276372,Fire,Electrical Malfunction,1,None,0,0,0,0,0,0,0,4,13,yes,Food & Non-Food Items,No,Government only,Government Only,09/08/2022,6,4,2,1,0,0,0,0,2,2,1
220318FRWU046,Open Source,18/03/2022,R & R,Western Area,Western Urban,N/A,Bage Street,8.432676,-13.276372,Fire,Electrical Malfunction,5,None,0,0,0,0,0,0,0,18,86,Pending,Pending,Pending,Pending,Pending,10/08/2022,29,23,18,16,0,2,1,0,0,16,14
220425WSKE066,Open Source,25/04/2022,R & R,East,Kenema,Gorama Mende,Mondema Village,7.863851,-11.183396,Windstorm,Wind,1,School,1,0,0,0,1,0,0,0,427,Pending,Pending,Pending,Pending,Pending,11/08/2022,5,1,267,154,0,0,0,0,0,267,154
220328WSBM067,Open Source,28/03/2022,R & R,North,Bombali,Biriwa,Manjoroh Village,9.28444,-12.16449,Windstorm,Wind,0,School,1,0,0,0,1,0,0,0,140,Yes,Shelter Kits,No,Government only,Government only,27/08/2022,3,1,75,61,0,0,0,0,0,75,61
220505WSMO068,Open Source,05/05/2022,R & R,South,Moyamba,Kori,Taiama Town,8.03704,-12.09562,Windstorm,Wind,0,School,1,0,0,0,1,0,0,0,439,Yes,Food & Non-Food Items,No,Government only,Government Only,22/08/2022,2,0,227,210,0,0,0,0,0,227,210
220405WSTK069,Open Source,05/04/2022,R & R,North,Tonkolili,Malal ,Rochen Village,8.717867,-11.951925,Windstorm,Wind,2,School,1,0,0,0,1,0,0,11,35,Yes,Food & Non-Food Items,No,Government only,Government only,27/08/2022,17,8,6,4,0,0,0,0,0,6,4
220308COWU004,Open Source,08/03/2022,R & R,Western Area,Western Urban,N/A,Murray Town Barracks,8.432676,-13.276372,Building Collapse,Poor Construction,5,none,0,0,0,0,0,0,0,6,28,Yes,Food & Non-Food Items,No,Government only,Government Only,10/08/2022,13,8,4,3,0,0,0,0,0,4,3
211203FRWU047,Open Source,03/12/2021,R & R,Western Area,Western Urban,N/A,"Looking Town,Kissy Freetown ",8.432676,-13.276372,Fire,Electrical Malfunction,1,None,0,0,0,0,0,0,0,1,6,Pending,Pending,Pending,Pending,Pending,11/08/2022,3,2,1,0,0,0,0,0,0,0,0
220505WSBO070,Open Source,05/05/2022,R & R,South,Bo,Bumpeh-Gao,Bumpeh Town,7.76889,-12.01287,Windstorm,Wind,0,Bumpeh High School,1,0,0,0,1,0,0,0,240,Yes,Shelter Kits,No,Government only,Government Only,18/08/2022,2,3,138,97,0,0,0,0,0,138,97
220505WSWR071,Open Source,05/05/2022,R & R,Western Area,Western Rural,N/A,Newton Catholic Farm,8.47616,-13.25223,Windstorm,Wind,0,Saint Francis Rural Community School,1,0,0,0,1,0,0,0,40,Pending,Pending,Pending,Pending,Pending,19/08/2022,2,1,20,17,0,0,0,0,0,20,17
220505WSWR072,Open Source,05/05/2022,R & R,Western Area,Western Rural,N/A,York Village,8.47616,-13.25223,Windstorm,Wind,0,School,1,0,0,0,1,0,0,0,150,Yes,Shelter Kits,No,Government only,Government Only,15/08/2022,4,0,77,69,0,0,0,0,0,77,69
220416FRWR047,Open Source,16/04/2022,R & R,Western Area,Western Rural,N/A,"Sorie Town,Leicester Village",8.47616,-13.25223,Windstorm,Wind,1,none,0,0,0,0,0,0,0,1,10,Pending,Pending,Pending,Pending,Pending,16/08/2022,3,4,1,2,0,0,0,0,0,1,1
220413FRWR048,Open Source,13/04/2022,R & R,Western Area,Western Rural,N/A,"Loko Town,Deep Eye Water ",8.47616,-13.25223,Fire,Electrical Malfunction,1,none,0,0,0,0,0,0,0,1,8,Pending,Pending,Pending,Pending,Pending,17/08/2022,2,4,2,0,0,1,0,0,0,1,0
220310FRWU049,Open Source,10/03/2022,R & R,Western Area,Western Urban,N/A,22B Calton Carew Lane ,8.432676,-13.276372,Fire,Electrical Malfunction,1,none,0,0,0,0,0,0,0,14,26,Pending,Pending,Pending,Pending,Pending,18/08/2022,13,8,2,3,0,1,1,0,0,2,3
220310FRWU050,Open Source,10/03/2022,R & R,Western Area,Western Urban,N/A,22 Thomsons Bay,8.432676,-13.276372,Fire,Electrical Malfunction,1,none,0,0,0,0,0,0,0,1,9,Pending,Pending,Pending,Pending,Pending,19/08/2022,4,2,1,2,0,0,0,0,0,0,0
220521FRWU051,Volunteer,21/05/2022,R & R,Western Area,Western Urban,N/A,"Crab Town,Levuma Beach",8.432676,-13.276372,Fire,Electrical Malfunction,13,None,0,0,0,0,0,0,0,58,230,Pending,Pending,Pending,Pending,Pending,20/08/2022,76,66,46,42,0,13,9,0,9,40,35
220530FRWU052,Open Source,30/05/2022,R & R,Western Area,Western Urban,N/A,5 Main Congo Town Road,8.432676,-13.276372,Fire,Electrical Malfunction,5,none,0,0,0,0,0,0,0,10,46,Pending,Pending,Pending,Pending,Pending,21/08/2022,17,14,7,8,0,0,0,0,0,7,8
220529FRWU053,Open Source,29/05/2022,R & R,Western Area,Western Urban,N/A,"13 Henry street,Central",8.432676,-13.276372,Fire,Electrical Malfunction,4,none,0,0,0,0,0,0,0,7,20,Pending,Pending,Pending,Pending,Pending,22/08/2022,8,5,3,4,0,0,0,0,0,3,4
220709COWU005,Open Source,09/07/2022,R & R,Western Area,Western Urban,N/A,"64 Hill Top, Southridge,Hill Station",8.432676,-13.276372,Building Collapse,Heavy Downpour of Rain,1,None,0,0,0,0,0,0,0,8,17,Yes,Food & Non-Food Items,No,Government only,Government Only,14/07/2022,7,6,2,2,0,0,0,2,7,1,1
220620WSKE073,Open Source,20/06/2022,R & R,East,Kenema,Lower Bambara,Geihun Village,7.863851,-11.183396,Windstorm,Wind,0,School,1,0,0,0,1,0,0,0,140,Yes, Shelter Kits Only,No,Government only,Government Only,09/07/2022,3,2,79,56,0,0,0,0,0,79,56
220603WSKE074,Open Source,03/06/2022,R & R,East,Kenema,Nongowa ,Lomabu Village,7.863851,-11.183396,Windstorm,Wind,12,none,0,0,0,0,0,0,0,21,61,Pending,Pending,Pending,Pending,Pending,10/07/2022,20,16,10,15,0,2,1,0,0,9,7
220628FRKE054,Open Source,28/06/2022,R & R,East,Kenema,Lower Bambara,"Duduwai Street,Kenema",7.863851,-11.183396,Fire,Electrical Malfunction,1,none,0,0,0,0,0,0,0,3,23,Pending,Pending,Pending,Pending,Pending,11/07/2022,7,9,4,3,1,0,1,0,0,2,2
220604WSKE075,DSCOORD,04/06/2022,R & R,East,Kenema,Tunkia ,Seifula Village,7.863851,-11.183396,Windstorm,Wind,1,none,0,0,0,0,0,0,0,2,8,Pending,Pending,Pending,Pending,Pending,12/07/2022,3,2,2,1,0,0,0,0,0,1,1
220604WSKE076,DSCOORD,04/06/2022,R & R,East,Kenema,Tunkia ,Damawolo Village,7.863851,-11.183396,Windstorm,Wind,12,None,0,0,0,0,0,0,0,25,47,Yes,Food & Non-Food Items,No,Government only,Government Only,21/08/2022,16,17,6,8,0,2,0,0,0,3,4
220604WSKE077,DSCOORD,04/06/2022,R & R,East,Kenema,Tunkia ,Sesayla Village,7.863851,-11.183396,Windstorm,Wind,8,none,0,0,0,0,0,0,0,18,41,Pending,Pending,Pending,Pending,Pending,22/08/2022,12,15,8,6,0,1,0,0,0,5,2
220529WSKE078,Open Source,29/05/2022,R & R,East,Kenema,Wando,Moindu Village,7.863851,-11.183396,Windstorm,Wind,29,none,0,0,0,0,0,0,0,34,176,Pending,Pending,Pending,Pending,Pending,23/08/2022,56,59,32,29,1,5,3,0,0,22,17
220529FEKE055,Open Source,29/05/2022,R & R,East,Kenema,Dama ,Joma Village,7.863851,-11.183396,Fire,Unknown,3,none,0,0,0,0,0,0,0,5,17,Pending,Pending,Pending,Pending,Pending,24/08/2022,6,4,3,4,0,0,0,0,0,1,2
220629COWU006,Volunteer,29/06/2022,R & R,Western Area,Western Urban,N/A,"Upper Owen Street Mountain cutt, Freetown",8.432676,-13.276372,Building Collapse,Heavy Downpour of Rain,3,none,0,0,0,0,0,0,0,3,20,Pending,Pending,Pending,Pending,Pending,25/08/2022,8,5,3,4,0,1,0,1,7,2,2
220610FRWU056,Volunteer,10/06/2022,R & R,Western Area,Western Urban,N/A,104 George Brook Dwazark,8.432676,-13.276372,Fire,Electrical Malfunction,1,none,0,0,0,0,0,0,0,6,23,Pending,Pending,Pending,Pending,Pending,26/08/2022,9,6,5,3,0,0,1,0,0,3,2
220622FRWU057,Open Source,22/06/2022,R & R,Western Area,Western Urban,N/A,"Gbangba Yilla,Phase II, Hill Station",8.432676,-13.276372,Fire,Electrical Malfunction,2,none,0,0,0,0,0,0,0,2,21,Pending,Pending,Pending,Pending,Pending,27/08/2022,8,7,2,4,0,0,0,0,0,2,3
220702FRWU058,Volunteer,02/07/2022,R & R,Western Area,Western Urban,N/A,"61 Upper Brook Street,Freetown",8.432676,-13.276372,Fire,Electrical Malfunction,4,none,0,0,0,0,0,0,0,6,33,Pending,Pending,Pending,Pending,Pending,28/08/2022,12,10,7,4,0,2,1,0,0,5,4
220628FRKE059,DSCOORD,28/06/2022,R & R,East,Kenema,Nongowa ,"Maxwell Khobe Street,Kenema",7.863851,-11.183396,Fire,Electrical Malfunction,1,none,0,0,0,0,0,0,0,1,7,Yes,Food & Non-Food Items,No,Government only,Government only,29/08/2022,2,3,1,1,0,0,0,0,0,1,0
220321WSKA079,DSCOORD,21/03/2022,R & R,East,Kailahun,Lauwa Chiefdom,Borbu Village,8.2789,-10.573,Windstorm,Wind,30,"3 Schools,Court Barry",3,0,1,0,4,0,0,30,150,Yes,Food & Non-Food Items,No,Government only,Government only,20/08/2022,53,39,27,31,2,5,7,0,0,22,28
220706FRWU060,Volunteer,06/07/2022,R & R,Western Area,Western Urban,N/A,"Magazine Wharf ,Freetown",8.432676,-13.276372,Fire,Electrical Malfunction,3,none,0,0,0,0,0,0,0,14,87,Pending,Pending,Pending,Pending,Pending,21/08/2022,26,29,17,15,0,2,3,0,0,10,14
220504WSBO080,DSCOORD,04/05/2022,,South,Bo,Tinkoko,Mendewa Village,7.76889,-12.01287,Windstorm,Wind,57,1School,1,0,0,0,1,0,0,214,1002,Yes,Food & Non-Food Items,Yes,Government & Partners,Later Days Saint Church,17/08/2022,387,295,175,145,2,14,20,0,0,150,136
220504WSBO081,DSCOORD,04/05/2022,,South,Bo,Tinkoko,"Torwama Section, Bo",7.76889,-12.01287,Windstorm,Wind,111,1 School,1,0,0,0,1,0,0,182,1098,Yes,Food & Non-Food Items,Yes,Government & Partners,Later Days Saint Church,17/08/2022,422,346,157,173,3,17,28,0,0,144,132
220504WSBO082,DSCOORD,04/05/2022,,South,Bo,Tinkoko,Sami Village,7.76889,-12.01287,Windstorm,Wind,138,3 Schools,3,0,0,0,3,0,0,241,1629,Yes,Food & Non-Food Items,Yes,Government & Partners,Later Days Saint Church,17/08/2022,543,467,295,324,12,29,35,0,0,287,267
220505WSMO083,Open Source,05/05/2022,,South,Moyamba,Fakunya,Kwellu Junction,8.03704,-12.09562,Windstorm,Wind,1,None,0,0,0,0,0,0,0,2,28,yes,Food & Non-Food Items,No,Government only,Government Only,22/08/2022,9,11,5,3,0,1,0,0,0,0,0
220418WSMO084,Open Source,18/04/2022,,South,Moyamba,kori,Morlondor Village,8.03704,-12.09562,Windstorm,Wind,6,1School,1,0,0,0,1,0,0,18,96,Yes,Food & Non-Food Items,No,Government only,Government Only,22/08/2022,34,28,16,18,1,3,0,0,0,10,12
220506WSMO085,Open Source,06/05/2022,,South,Moyamba,Kori,Mosongo Village,8.03704,-12.09562,Windstorm,Wind,2,1School,1,0,0,0,1,0,0,4,20,Yes,Food & Non-Food Items,No,Government only,Government Only,22/08/2022,7,6,4,3,0,0,0,0,0,3,3
220508WSMO086,Open Source,08/05/2022,,South,Moyamba,Dasse,Mano Village,8.03704,-12.09562,Windstorm,Wind,24,None,0,0,0,0,0,0,0,36,166,Yes,Food & Non-Food Items,No,Government only,Government Only,22/08/2022,51,56,27,32,1,2,12,0,0,19,24
220202WSMO087,Open Source,02/02/2022,,South,Moyamba,Kori,Nyandehun Village,8.03704,-12.09562,Windstorm,Wind,4,1School,1,0,0,0,1,0,0,5,26,Yes,Food & Non-Food Items,No,Government only,Government Only,22/08/2022,11,7,5,3,0,0,1,0,0,3,2
220603WSMO088,Open Source,03/06/2022,,South,Moyamba,Lower Banta,Matagelema Village,8.03704,-12.09562,Windstorm,Wind,0,1School,1,0,0,0,1,0,0,0,230,yes,Shelter Kits,No,Government only,Government Only,22/08/2022,3,1,123,103,0,0,0,0,0,123,103
220612WSMO089,Open Source,12/06/2022,,South,Moyamba,Kori,NJaguama Village,8.03704,-12.09562,Windstorm,Wind,32,1School,1,0,0,0,1,0,0,32,107,Yes,Food & Non-Food Items,No,Government only,Government Only,21/08/2022,29,37,22,19,0,3,5,0,0,16,12
220409FRKE054,DSCOORD,09/04/2022,,East,Kenema,Nongowa ,"Combama Road, Kenema",7.863851,-11.183396,Fire,Electrical Malfunction,4,None,0,0,0,0,0,0,0,25,99,Yes,Food & Non-Food Items,No,Government only,Government Only,21/08/2022,32,26,19,22,1,1,2,0,0,14,19
220115FRKE055,DSCOORD,15/01/2022,,East,Kenema,Nongowa ,"Sillah Street, Kenema",7.863851,-11.183396,Fire,Unknown,1,None,0,0,0,0,0,0,0,5,21,Yes,Food & Non-Food Items,No,Government only,Government only,21/08/2022,9,7,4,1,0,0,0,0,0,3,0
220507WSKE090,DSCOORD,07/05/2022,,East,Kenema,Nongowa ,"Air Field, Kenema Town",7.863851,-11.183396,Windstorm,Wind,1,"Church, Mosque,School",1,0,0,2,3,3,3,11,49,Yes,Food & Non-Food Items,No,Government only,Government only,21/08/2022,18,15,9,7,0,1,0,0,0,6,5
220507FRKE056,DSCOORD,07/05/2022,,East,Kenema,Nongowa ,"Kemo Kai Street,Kenema",7.863851,-11.183396,Fire,Unknown,1,None,0,0,0,0,0,0,0,1,6,Yes,Food & Non-Food Items,No,Government only,Government only,21/08/2022,3,2,0,1,0,0,0,0,0,0,1
220620WSKE091,DSCOORD,20/06/2022,,East,Kenema,Dama ,Kembama Village,7.863851,-11.183396,Windstorm,Wind,5,None,0,0,0,0,0,0,0,10,26,Yes,Food & Non-Food Items,No,Government only,Government only,20/08/2022,11,9,4,2,0,0,1,0,0,2,2
220622WSFL092,Open Source,22/06/2022,,North,Falaba,Musia,Musia Town,9.855216,-11.322184,Windstorm,Wind,5,None,0,0,0,0,0,0,0,5,25,Yes,Food & Non-Food Items,No,Government only,Government only,27/08/2022,8,7,4,6,0,0,1,0,0,2,4
220622FRWU057,Open Source,22/06/2022,,Western Area,Western Urban,N/A,"43 Beach Road,Freetown",8.432676,-13.276372,Fire,Electrical Malfunction,1,None,0,0,0,0,0,0,0,1,6,Pending,Pending,Pending,Pending,Pending,28/08/2022,2,2,1,1,0,0,0,0,0,1,1
220827COWU008,Open Source,27/08/2022,,Western Area,Western Urban,N/A,"15 Dan Street, Fourah Bay",8.432676,-13.276372,Building Collapse,Heavy Downpour of Rain,1,0,0,0,0,0,0,0,0,3,15,Pending,Pending,Pending,Pending,Pending,29/08/2022,4,6,3,2,0,0,0,0,0,3,2
220812FLPL005,DSCOORD,12/08/2022,RR,North West,Port Loko,Marampa Chiefdom,Lunsar Town,8.675273,-12.938353,Flooding,Heavy Downpour of Rain,70,None,0,0,0,0,0,0,0,203,519,Pending,Pending,Pending,Pending,Pending,30/08/2022,171,156,94,98,9,22,41,0,0,56,67
220717FLTL006,DSCOORD,17/07/2022,RR,North,Tonkolili,Tane,"Fullah Tow,Matotoka Town",8.717867,-11.951925,Flooding,Heavy Downpour of Rain,12,None,0,0,0,0,0,0,0,22,115,Pending,Pending,Pending,Pending,Pending,31/08/2022,34,38,23,20,2,1,4,0,0,15,12
220801BABT001,Open Source,01/08/2022,RR,South,Bonthe,Jong,Mosembo Village,7.52639,-12.505,Boat Accident,Boat Collision,,N/A,N/A,N/A,N/A,N/A,N/A,N/A,N/A,N/A,5,Pending,Pending,Pending,pending,Pending,01/09/2022,2,3,0,1,0,0,1,3,2,0,0
220802BAWR002,Open Source,02/08/2022,RR,Western Area,Western Rural,,Jui Wharf,8.47616,-13.25223,Boat Accident,Over Loading,N/A,N/A,N/A,N/A,N/A,N/A,N/A,N/A,N/A,N/A,17,Pending,Pending,Pending,pending,Pending,02/09/2022,17,0,0,0,0,0,0,9,5,0,0
220828FLWO007,DSCOORD,28/08/2022,RR,Western Area,Western Urban,N/A,Culvert,8.432676,-13.276372,Flooding,Heavy Downpour of Rain,,None,0,0,0,0,0,0,0,1439,5978,Pending,Pending,Pending,Pending,Pending,03/09/2022,1338,1325,1715,1600,,103,177,0,0,1234,1159
220828FLWO008,DSCOORD,28/08/2022,RR,Western Area,Western Urban,N/A,Kanikay,8.432676,-13.276372,Flooding,Heavy Downpour of Rain,,None,0,0,0,0,0,0,0,18,89,Pending,Pending,Pending,Pending,Pending,04/09/2022,25,19,24,21,0,1,2,0,0,17,11
220828FLWO009,DSCOORD,28/08/2022,RR,Western Area,Western Urban,N/A,"Old Wharf,Joshua Johnson Community",8.432676,-13.276372,Flooding,Heavy Downpour of Rain,,None,0,0,0,0,0,0,0,129,785,Pending,Pending,Pending,Pending,Pending,05/09/2022,186,202,192,205,0,19,55,0,0,184,165
220828FLWO010,DSCOORD,28/08/2022,RR,Western Area,Western Urban,N/A,"Kaningo Drive, Lumley",8.432676,-13.276372,Flooding,Heavy Downpour of Rain,5,None,0,0,0,0,0,0,0,12,53,Pending,Pending,Pending,Pending,Pending,06/09/2022,11,12,17,13,0,1,1,0,0,12,12
220828FLWO011,DSCOORD,28/08/2022,RR,Western Area,Western Urban,N/A,"Lumley Regent Road,Jarret Drive",8.432676,-13.276372,Flash Flood,Heavy Downpour of Rain,2,None,0,0,0,0,0,0,0,4,21,Pending,Pending,Pending,Pending,Pending,07/09/2022,3,10,3,5,0,1,0,0,0,3,4
220828FLWO012,DSCOORD,28/08/2022,RR,Western Area,Western Urban,N/A,Lumley Amadu Lane,8.432676,-13.276372,Flash Flood,Heavy Downpour of Rain,3,None,0,0,0,0,0,0,0,7,24,Pending,Pending,Pending,Pending,Pending,08/09/2022,6,7,8,3,0,0,0,0,0,3,1
220828FLWO013,DSCOORD,28/08/2022,RR,Western Area,Western Urban,N/A,"Alpha Terrace,New site( Wellington)",8.432676,-13.276372,Flash Flood,Heavy Downpour of Rain,12,None,0,0,0,0,0,0,0,49,235,Pending,Pending,Pending,Pending,Pending,09/09/2022,65,68,49,53,0,6,2,0,0,42,49
220828FLWO014,DSCOORD,28/08/2022,RR,Western Area,Western Urban,N/A,Bottom Oku,8.432676,-13.276372,Flash Flood,Heavy Downpour of Rain,3,None,0,0,0,0,0,0,0,6,37,Pending,Pending,Pending,Pending,Pending,10/09/2022,13,12,6,6,0,1,1,0,0,6,8
220828FLWO015,DSCOORD,28/08/2022,RR,Western Area,Western Urban,N/A,"Assension Town Road, Congo Town",8.432676,-13.276372,Flash Flood,Heavy Downpour of Rain,2,None,0,0,0,0,0,0,0,3,18,Pending,Pending,Pending,Pending,Pending,11/09/2022,6,5,4,3,0,1,0,0,0,3,3
220828FLWO016,DSCOORD,28/08/2022,RR,Western Area,Western Urban,N/A,Kolleh Town ,8.432676,-13.276372,Flash Flood,Heavy Downpour of Rain,1,None,0,0,0,0,0,0,0,1,12,Pending,Pending,Pending,Pending,Pending,12/09/2022,3,2,3,4,0,0,0,0,0,3,4
220828FLWO017,DSCOORD,28/08/2022,RR,Western Area,Western Urban,N/A,CKG(Crab Town),8.432676,-13.276372,Flash Flood,Heavy Downpour of Rain,1,None,0,0,0,0,0,0,0,1,8,Pending,Pending,Pending,Pending,Pending,13/09/2022,2,3,2,1,0,0,0,0,0,2,1
220828MLWU001,DSCOORD,28/08/2022,RR,Western Area,Western Urban,N/A,"Looking Town,Kissy Freetown ",8.432676,-13.276372,Mudslide,Heavy Downpour of Rain,,None,0,0,0,0,0,0,0,7,29,Pending,Pending,Pending,Pending,Pending,14/09/2022,11,7,4,7,0,3,2,6,5,4,4
220828COWU007,DSCOORD,28/08/2022,RR,Western Area,Western Urban,N/A,54 Mount Aureol ,8.432676,-13.276372,Building Collapse,Heavy Downpour of Rain,,None,0,0,0,0,0,0,0,10,45,Pending,Pending,Pending,Pending,Pending,15/09/2022,17,15,7,6,0,2,1,1,2,3,3
220828COWU008,DSCOORD,28/08/2022,RR,Western Area,Western Urban,N/A,Hook Street,8.432676,-13.276372,Building Collapse,Heavy Downpour of Rain,1,None,0,0,0,0,0,0,0,1,13,Pending,Pending,Pending,Pending,Pending,16/09/2022,4,2,3,4,0,0,0,1,0,2,4
220828FLWU018,DSCOORD,28/08/2022,,Western Area,Western Urban,N/A,"River Side, Tengbeh Town",8.432676,-13.276372,Flash Flood,Heavy Downpour of Rain,1,None,0,0,0,0,0,0,0,2,10,Pending,Pending,Pending,Pending,Pending,17/09/2022,2,2,3,3,0,0,0,0,0,2,3
220911COWU010,DSCOORD,11/09/2022,RR,Western Area,Western Urban,N/A,Teneba Road Kuntoloh,8.432676,-13.276372,Building Collapse,Poor Construction,1,None,0,0,0,0,0,0,0,1,5,Pending,Pending,Pending,Pending,Pending,18/09/2022,2,1,1,1,0,0,0,0,1,0,0
220911COWU009,DSCOORD,11/09/2022,RR,Western Area,Western Urban,N/A,"Spur Loop, Jagema",8.432676,-13.276372,Building Collapse,Poor Construction,2,None,0,0,0,0,0,0,0,2,15,Pending,Pending,Pending,Pending,Pending,19/09/2022,7,3,3,2,0,0,1,4,3,2,1
220911BRWR001,DSCOORD,11/09/2022,RR,Western Area,Western Rural,N/A,No Two River Jeff Town,8.47616,-13.25223,Bolder Roll,Heavy Downpour of rain,2,None,0,0,0,0,0,0,0,2,12,Pending,Pending,Pending,Pending,Pending,20/09/2022,4,3,2,3,0,0,1,1,3,0,0
220911COWU010,DSCOORD,11/09/2022,RR,Western Area,Western Rural,N/A,"Jarett Drive, Back of Country Lodge",8.47616,-13.25223,Building Collapse,Poor Construction,1,None,0,0,0,0,0,0,0,3,16,Pending,Pending,Pending,Pending,Pending,21/09/2022,6,5,2,3,0,0,0,2,0,2,2
220911COWU011,DSCOORD,11/09/2022,RRP,Western Area,Western Rural,N/A,Kelly Junction Sumaila Town,8.47616,-13.25223,Building Collapse,Poor Construction,1, None,0,0,0,0,0,0,0,2,10,Pending,Pending,Pending,Pending,Pending,22/09/2022,4,3,2,1,0,0,0,0,0,1,1
220911COWU012,DSCOORD,11/09/2022,RRP,Western Area,Western Rural,N/A,"Samie Town, Sumaila Town",8.47616,-13.25223,Building Collapse,Poor Construction,1,None,0,0,0,0,0,0,0,2,10,Pending,Pending,Pending,Pending,Pending,23/09/2022,3,2,2,3,0,0,0,0,0,2,2
220911FLWU019,DSCOORD,11/09/2022,RR,Western Area,Western Rural,N/A,Tengbeh Town,8.47616,-13.25223,Flooding,Blocked Water Way,1,None,0,0,0,0,0,0,0,10,25,Pending,Pending,Pending,Pending,Pending,24/09/2022,11,9,3,2,0,0,1,0,0,2,2
220917FLWU020,DSCOORD,17/09/2022,RR,Western Area,Western Rural,N/A,"Pawtor Camp Charlie,Ogo Farm",8.40797,-1326415,Flooding,Heavy Downpour of Rain,0,None,0,0,0,0,0,0,0,57,292,Pending,Pending,Pending,Pending,Pending,25/09/2022,91,82,57,62,0,2,6,0,2,49,51
2208FLWU019,DSCOORD,15/08/2022,RR,Western Area,Western Urban,N/A,"Ordinance, Murray Town Barracks",8.432676,-13.276372,Flooding,Heavy Downpour of Rain,0,None,0,0,0,0,0,0,0,1,5,Pending,Pending,Pending,Pending,Pending,26/09/2022,2,1,2,0,0,0,0,1,0,1,1
220912FRWU058,DSCOORD,12/09/2022,RR,Western Area,Western Urban,N/A,Hoherty Street Murray Town,8.432676,-13.276372,Fire,Electrical Malfunction,1,None,0,0,0,0,0,0,0,4,11,Pending,Pending,Pending,Pending,Pending,27/09/2022,4,3,2,2,0,0,0,0,0,2,1
220717FRSO059,DSCOORD,17/07/2022,RR,South,Bo,Kakwa,"Cotugboma,off Mariama Lane",7.76889,-12.01287,Fire,Electrical Malfunction,1,None,0,0,0,0,0,0,0,4,21,Pending,Pending,Pending,Pending,Pending,28/09/2022,8,5,5,3,0,0,0,0,0,5,2
220404FRPU060,DSCOORD,04/04/2022,RR,South,Pujehun,Yakemoh Kpakumu Krim (YKK),Messima Village,7.272644,-11.228923,Fire,Bush Fire,4,School,1,0,0,0,0,0,0,6,30,Pending,Pending,Pending,Pending,Pending,29/09/2022,11,6,8,5,0,0,0,0,0,4,5
220902FLBT020,DSCOORD,02/09/2022,RR,South,Bonthe,Yawbeko,Kortimahun Village,7.52639,-12.505,Flooding,Heavy Downpour of Rain,0,None,0,0,0,0,0,0,0,32,160,Pending,Pending,Pending,Pending,Pending,30/09/2022,56,44,29,31,0,3,2,0,0,22,27
220902FLBT021,DSCOORD,02/09/2022,RR,South,Bonthe,Yawbeko,Simileh,7.52639,-12.505,Flooding,Heavy Downpour of Rain,1,None,0,0,0,0,0,0,0,46,230,Pending,Pending,Pending,Pending,Pending,01/10/2022,83,63,45,39,0,13,10,0,0,0,31
220902FLBT022,DSCOORD,02/09/2022,RR,South,Bonthe,Yawbeko,Gondoma,7.52639,-12.505,Flooding,Heavy Downpour of Rain,,None,0,0,0,0,0,0,0,6,30,Pending,Pending,Pending,Pending,Pending,02/10/2022,11,8,5,6,0,0,1,0,0,,6
220902FLBT023,DSCOORD,02/09/2022,RR,South,Bonthe,Yawbeko,Gbehun,7.52639,-12.505,Flooding,Heavy Downpour of Rain,,None,0,0,0,0,0,0,0,43,210,Pending,Pending,Pending,Pending,Pending,03/10/2022,66,64,46,34,1,11,9,0,0,46,31
220902FLBT024,DSCOORD,02/09/2022,RR,South,Bonthe,Yawbeko,Gbembo,7.52639,-12.505,Flooding,Heavy Downpour of Rain,,None,0,0,0,0,0,0,0,34,170,Pending,Pending,Pending,Pending,Pending,04/10/2022,54,49,32,35,2,6,4,0,0,26,32
220902FLBT025,DSCOORD,02/09/2022,RR,South,Bonthe,Yawbeko,Sargoh,7.52639,-12.505,Flooding,Heavy Downpour of Rain,,None,0,0,0,0,0,0,0,17,87,Pending,Pending,Pending,Pending,Pending,05/10/2022,29,21,19,18,0,5,3,0,0,15,10
220902FLBT026,DSCOORD,02/09/2022,RR,South,Bonthe,Yawbeko,Saingana,7.52639,-12.505,Flooding,Heavy Downpour of Rain,,None,0,0,0,0,0,0,0,15,61,Pending,Pending,Pending,Pending,Pending,06/10/2022,21,16,13,11,0,2,2,0,0,5,9
220902FLBT027,DSCOORD,02/09/2022,RR,South,Bonthe,Sogbini ,Gweh,7.52639,-12.505,Flooding,Heavy Downpour of Rain,,None,0,0,0,0,0,0,0,10,39,Pending,Pending,Pending,Pending,Pending,07/10/2022,15,10,6,8,0,1,0,0,0,5,6
220902FLBT028,DSCOORD,02/09/2022,RR,South,Bonthe,Sogbini ,Moyande,7.52639,-12.505,Flooding,Heavy Downpour of Rain,,None,0,0,0,0,0,0,0,5,27,Pending,Pending,Pending,Pending,Pending,08/10/2022,9,7,5,6,0,0,1,0,0,3,2
220902FLBT029,DSCOORD,02/09/2022,RR,South,Bonthe,Sogbini ,Mando,7.52639,-12.505,Flooding,Heavy Downpour of Rain,,None,0,0,0,0,0,0,0,7,37,Pending,Pending,Pending,Pending,Pending,09/10/2022,13,11,8,5,1,0,1,0,0,7,2
220902FLBT030,DSCOORD,02/09/2022,RR,South,Bonthe,Nongoba Bullum,Minah,7.52639,-12.505,Flooding,Heavy Downpour of Rain,,None,0,0,0,0,0,0,0,30,161,Pending,Pending,Pending,Pending,Pending,10/10/2022,58,44,31,28,1,7,9,0,0,27,20
220902FLBT031,DSCOORD,02/09/2022,RR,South,Bonthe,Nongoba Bullum,Maopa,7.52639,-12.505,Flooding,Heavy Downpour of Rain,,None,0,0,0,0,0,0,0,22,101,Pending,Pending,Pending,Pending,Pending,11/10/2022,33,25,21,22,0,2,4,0,0,19,17
220902FLBT032,DSCOORD,02/09/2022,RR,South,Bonthe,Nongoba Bullum,Bondobu,7.52639,-12.505,Flooding,Heavy Downpour of Rain,,None,0,0,0,0,0,0,0,15,67,Pending,Pending,Pending,Pending,Pending,12/10/2022,23,17,12,15,0,4,3,0,0,12,9
220902FLBT033,DSCOORD,02/09/2022,RR,South,Bonthe,Nongoba Bullum,Gbembu Village,7.52639,-12.505,Flooding,Heavy Downpour of Rain,,None,0,0,0,0,0,0,0,25,122,Pending,Pending,Pending,Pending,Pending,13/10/2022,41,32,24,25,1,7,3,0,0,20,15
220902FLBT034,DSCOORD,02/09/2022,RR,South,Bonthe,Nongoba Bullum,Gbap,7.52639,-12.505,Flooding,Heavy Downpour of Rain,,None,0,0,0,0,0,0,0,42,206,Pending,Pending,Pending,Pending,Pending,14/10/2022,72,64,33,37,2,10,4,0,0,27,35
220902FLBT035,DSCOORD,02/09/2022,RR,South,Bonthe,Nongoba Bullum,Wiba,7.52639,-12.505,Flooding,Heavy Downpour of Rain,,None,0,0,0,0,0,0,0,24,102,Pending,Pending,Pending,Pending,Pending,15/10/2022,29,31,18,24,0,5,6,0,0,15,19
220902FLBT036,DSCOORD,02/09/2022,RR,South,Bonthe,Nongoba Bullum,Bullum,7.52639,-12.505,Flooding,Heavy Downpour of Rain,,None,0,0,0,0,0,0,0,3,16,Pending,Pending,Pending,Pending,Pending,16/10/2022,7,4,3,2,0,1,0,0,0,2,2
220902FLBT037,DSCOORD,02/09/2022,RR,South,Bonthe,Bum,Lago Village,7.52639,-12.505,Flooding,Heavy Downpour of Rain,,None,0,0,0,0,0,0,0,4,21,Pending,Pending,Pending,Pending,Pending,17/10/2022,9,6,2,4,0,0,2,0,0,1,1
220902FLBT038,DSCOORD,02/09/2022,RR,South,Bonthe,Nongoba Bullum,Masata,7.52639,-12.505,Flooding,Heavy Downpour of Rain,,None,0,0,0,0,0,0,0,31,139,Pending,Pending,Pending,Pending,Pending,18/10/2022,42,46,24,27,0,9,7,0,0,19,21
220902FLBT039,DSCOORD,02/09/2022,RR,South,Bonthe,Nongoba Bullum,Mano korigoya,7.52639,-12.505,Flooding,Heavy Downpour of Rain,,None,0,0,0,0,0,0,0,37,162,Pending,Pending,Pending,Pending,Pending,19/10/2022,54,49,28,31,1,10,5,0,0,25,29
220902FLBT040,DSCOORD,02/09/2022,RR,South,Bonthe,Bum,Lorpunga,7.52639,-12.505,Flooding,Heavy Downpour of Rain,,None,0,0,0,0,0,0,0,3,17,Pending,Pending,Pending,Pending,Pending,20/10/2022,8,4,4,1,0,0,1,0,0,2,0
220902FLBT041,DSCOORD,02/09/2022,RR,South,Bonthe,Nongoba Bullum,Mofunja,7.52639,-12.505,Flooding,Heavy Downpour of Rain,,None,0,0,0,0,0,0,0,7,36,Pending,Pending,Pending,Pending,Pending,21/10/2022,17,9,6,4,0,2,1,0,0,3,3
220902FLBT042,DSCOORD,02/09/2022,RR,South,Bonthe,Bum,Tissama,7.52639,-12.505,Flooding,Heavy Downpour of Rain,,None,0,0,0,0,0,0,0,54,267,Pending,Pending,Pending,Pending,Pending,22/10/2022,78,83,55,51,0,13,11,0,0,42,28
220902FLBT043,DSCOORD,02/09/2022,RR,South,Bonthe,Bum,Tormabun,7.52639,-12.505,Flooding,Heavy Downpour of Rain,,None,0,0,0,0,0,0,0,37,186,Pending,Pending,Pending,Pending,Pending,23/10/2022,55,59,34,38,1,10,7,0,0,31,28
220902FLBT044,DSCOORD,02/09/2022,RR,South,Bonthe,Nongoba Bullum,Mikel Village,7.52639,-12.505,Flooding,Heavy Downpour of Rain,,None,0,0,0,0,0,0,0,18,67,Pending,Pending,Pending,Pending,Pending,24/10/2022,19,20,15,13,0,2,0,0,0,12,10
220902FLBT045,DSCOORD,02/09/2022,RR,South,Bonthe,Nongoba Bullum,Gbehun,7.52639,-12.505,Flooding,Heavy Downpour of Rain,,None,0,0,0,0,0,0,0,25,93,Pending,Pending,Pending,Pending,Pending,25/10/2022,28,25,21,19,0,3,2,0,0,17,14
220902FLBT046,DSCOORD,02/09/2022,RR,South,Bonthe,Nongoba Bullum,Subu,7.52639,-12.505,Flooding,Heavy Downpour of Rain,,None,0,0,0,0,0,0,0,72,302,Pending,Pending,Pending,Pending,Pending,26/10/2022,81,87,65,69,1,12,3,0,0,52,35
220902FLBT047,DSCOORD,02/09/2022,RR,South,Bonthe,Nongoba Bullum,Gbahan,7.52639,-12.505,Flooding,Heavy Downpour of Rain,,None,0,0,0,0,0,0,0,10,39,Pending,Pending,Pending,Pending,Pending,27/10/2022,15,11,6,7,0,0,3,0,0,2,3
220902FLBT048,DSCOORD,02/09/2022,RR,South,Bonthe,Sogbini ,Morwhaan,7.52639,-12.505,Flooding,Heavy Downpour of Rain,,None,0,0,0,0,0,0,0,35,102,Pending,Pending,Pending,Pending,Pending,28/10/2022,29,33,23,17,2,1,4,0,0,15,11
220902FLBT049,DSCOORD,02/09/2022,RR,South,Bonthe,Sogbini ,Sami,7.52639,-12.505,Flooding,Heavy Downpour of Rain,,None,0,0,0,0,0,0,0,20,87,Pending,Pending,Pending,Pending,Pending,29/10/2022,26,25,19,17,0,5,2,0,0,12,14
220902FLBT050,DSCOORD,02/09/2022,RR,South,Bonthe,Nongoba Bullum,Morsongo,7.52639,-12.505,Flooding,Heavy Downpour of Rain,,None,0,0,0,0,0,0,0,22,92,Pending,Pending,Pending,Pending,Pending,30/10/2022,27,25,21,19,0,4,1,0,0,17,15
220902FLBT051,DSCOORD,02/09/2022,RR,South,Bonthe,Yawbeko,Talia,7.52639,-12.505,Flooding,Heavy Downpour of Rain,,None,0,0,0,0,0,0,0,115,623,Pending,Pending,Pending,Pending,Pending,31/10/2022,174,187,134,128,2,35,28,0,0,102,98
220923RAWU002,DSCOORD,23/09/2022,RR,Western Area,Western Urban,N/A,Hill Station,8.432676,-13.276372,Road Accident,Break Failure,NA,None,0,0,0,0,0,0,0,N/A,19,Pending,Pending,Pending,Pending,Pending,01/11/2022,8,6,3,2,0,0,0,9,0,2,1
220906RAWU003,DSCOORD,06/09/2022,RR,Western Area,Western Urban,N/A,Hill Cutt Road,8.432676,-13.276372,Road Accident,Break Failure,NA,None,0,0,0,0,0,0,0,N/A,3,Pending,Pending,Pending,Pending,Pending,02/11/2022,3,0,0,0,0,0,0,0,3,0,0
